row,cat_id,name,bucket,frequency,threshold,subset_total,num_positives,num_negatives,TP,FP,TN,FN,precision,recall,f1,weighted_f1
0,1,aerosol_can,medium,c,0.34,128,64,64,40,26,38,24,0.6061,0.625,0.6154,0.6098
1,2,air_conditioner,high,f,0.31,728,364,364,251,150,214,113,0.6259,0.6896,0.6562,0.6377
2,3,airplane,high,f,0.36,3822,1911,1911,1787,25,1886,124,0.9862,0.9351,0.96,0.9755
3,4,alarm_clock,high,f,0.33,298,149,149,82,17,132,67,0.8283,0.5503,0.6613,0.7523
4,5,alcohol,medium,c,0.37,58,29,29,16,0,29,13,1.0,0.5517,0.7111,0.8602
5,6,alligator,medium,c,0.3,52,26,26,20,12,14,6,0.625,0.7692,0.6897,0.6494
6,7,almond,medium,c,0.35,118,59,59,38,20,39,21,0.6552,0.6441,0.6496,0.6529
7,8,ambulance,medium,c,0.34,44,22,22,15,0,22,7,1.0,0.6818,0.8108,0.9146
8,9,amplifier,medium,c,0.29,24,12,12,12,2,10,0,0.8571,1.0,0.9231,0.8824
9,10,anklet,medium,c,0.35,56,28,28,9,1,27,19,0.9,0.3214,0.4737,0.6618
10,11,antenna,high,f,0.34,1010,505,505,316,183,322,189,0.6333,0.6257,0.6295,0.6317
11,12,apple,high,f,0.36,2414,1207,1207,702,67,1140,505,0.9129,0.5816,0.7105,0.8195
12,13,applesauce,weak,r,0.32,8,4,4,4,0,4,0,1.0,1.0,1.0,1.0
13,14,apricot,weak,r,0.36,20,10,10,5,0,10,5,1.0,0.5,0.6667,0.8333
14,15,apron,high,f,0.34,1000,500,500,345,129,371,155,0.7278,0.69,0.7084,0.7199
15,16,aquarium,medium,c,0.32,66,33,33,25,0,33,8,1.0,0.7576,0.8621,0.9398
16,17,arctic_(type_of_shoe),weak,r,0.2,6,3,3,3,3,0,0,0.5,1.0,0.6667,0.5556
17,18,armband,medium,c,0.32,88,44,44,39,24,20,5,0.619,0.8864,0.729,0.6588
18,19,armchair,high,f,0.34,1122,561,561,420,79,482,141,0.8417,0.7487,0.7925,0.8213
19,20,armoire,weak,r,0.34,16,8,8,7,5,3,1,0.5833,0.875,0.7,0.625
20,21,armor,weak,r,0.35,18,9,9,6,0,9,3,1.0,0.6667,0.8,0.9091
21,22,artichoke,medium,c,0.33,66,33,33,28,9,24,5,0.7568,0.8485,0.8,0.7735
22,23,trash_can,high,f,0.33,3766,1883,1883,1125,641,1242,758,0.637,0.5975,0.6166,0.6287
23,24,ashtray,medium,c,0.31,196,98,98,69,33,65,29,0.6765,0.7041,0.69,0.6818
24,25,asparagus,medium,c,0.35,140,70,70,52,2,68,18,0.963,0.7429,0.8387,0.9091
25,26,atomizer,medium,c,0.34,92,46,46,29,13,33,17,0.6905,0.6304,0.6591,0.6776
26,27,avocado,high,f,0.33,234,117,117,108,30,87,9,0.7826,0.9231,0.8471,0.8072
27,28,award,medium,c,0.35,82,41,41,15,2,39,26,0.8824,0.3659,0.5172,0.6881
28,29,awning,high,f,0.34,2790,1395,1395,712,229,1166,683,0.7566,0.5104,0.6096,0.6901
29,30,ax,weak,r,0.33,14,7,7,7,4,3,0,0.6364,1.0,0.7778,0.6863
30,31,baboon,weak,r,0.24,2,1,1,1,0,1,0,1.0,1.0,1.0,1.0
31,32,baby_buggy,high,f,0.33,628,314,314,240,180,134,74,0.5714,0.7643,0.654,0.6018
32,33,basketball_backboard,medium,c,0.34,62,31,31,18,2,29,13,0.9,0.5806,0.7059,0.8108
33,34,backpack,high,f,0.34,3810,1905,1905,1414,959,946,491,0.5959,0.7423,0.6611,0.6203
34,35,handbag,high,f,0.34,3718,1859,1859,994,587,1272,865,0.6287,0.5347,0.5779,0.6074
35,36,suitcase,high,f,0.36,3246,1623,1623,1124,104,1519,499,0.9153,0.6925,0.7885,0.86
36,37,bagel,medium,c,0.36,94,47,47,37,5,42,10,0.881,0.7872,0.8315,0.8605
37,38,bagpipe,weak,r,0.34,6,3,3,3,0,3,0,1.0,1.0,1.0,1.0
38,39,baguet,weak,r,0.34,6,3,3,3,1,2,0,0.75,1.0,0.8571,0.7895
39,40,bait,weak,r,0.35,2,1,1,1,0,1,0,1.0,1.0,1.0,1.0
40,41,ball,high,f,0.36,610,305,305,176,63,242,129,0.7364,0.577,0.6471,0.6979
41,42,ballet_skirt,weak,r,0.34,12,6,6,3,0,6,3,1.0,0.5,0.6667,0.8333
42,43,balloon,high,f,0.34,420,210,210,94,19,191,116,0.8319,0.4476,0.582,0.71
43,44,bamboo,medium,c,0.33,72,36,36,25,9,27,11,0.7353,0.6944,0.7143,0.7267
44,45,banana,high,f,0.36,3574,1787,1787,1116,111,1676,671,0.9095,0.6245,0.7405,0.8335
45,46,Band_Aid,medium,c,0.3,34,17,17,15,12,5,2,0.5556,0.8824,0.6818,0.6
46,47,bandage,medium,c,0.33,102,51,51,43,26,25,8,0.6232,0.8431,0.7167,0.6575
47,48,bandanna,high,f,0.32,276,138,138,116,91,47,22,0.5604,0.8406,0.6725,0.6004
48,49,banjo,weak,r,0.37,6,3,3,2,0,3,1,1.0,0.6667,0.8,0.9091
49,50,banner,high,f,0.34,2940,1470,1470,1025,676,794,445,0.6026,0.6973,0.6465,0.6194
50,51,barbell,weak,r,0.34,6,3,3,3,1,2,0,0.75,1.0,0.8571,0.7895
51,52,barge,weak,r,0.3,4,2,2,2,0,2,0,1.0,1.0,1.0,1.0
52,53,barrel,high,f,0.34,372,186,186,111,54,132,75,0.6727,0.5968,0.6325,0.656
53,54,barrette,medium,c,0.34,152,76,76,67,53,23,9,0.5583,0.8816,0.6837,0.6025
54,55,barrow,medium,c,0.35,52,26,26,11,1,25,15,0.9167,0.4231,0.5789,0.7432
55,56,baseball_base,high,f,0.38,606,303,303,281,4,299,22,0.986,0.9274,0.9558,0.9737
56,57,baseball,high,f,0.38,1476,738,738,625,21,717,113,0.9675,0.8469,0.9032,0.9407
57,58,baseball_bat,high,f,0.36,3598,1799,1799,1554,41,1758,245,0.9743,0.8638,0.9157,0.95
58,59,baseball_cap,high,f,0.34,3868,1934,1934,1123,268,1666,811,0.8073,0.5807,0.6755,0.7489
59,60,baseball_glove,high,f,0.37,3218,1609,1609,1452,33,1576,157,0.9778,0.9024,0.9386,0.9617
60,61,basket,high,f,0.33,3244,1622,1622,1105,785,837,517,0.5847,0.6813,0.6293,0.6017
61,62,basketball,medium,c,0.39,82,41,41,21,0,41,20,1.0,0.5122,0.6774,0.84
62,63,bass_horn,weak,r,0.35,8,4,4,3,0,4,1,1.0,0.75,0.8571,0.9375
63,64,bat_(animal),medium,c,0.33,22,11,11,5,1,10,6,0.8333,0.4545,0.5882,0.7143
64,65,bath_mat,high,f,0.36,540,270,270,218,19,251,52,0.9198,0.8074,0.86,0.8949
65,66,bath_towel,high,f,0.34,698,349,349,298,29,320,51,0.9113,0.8539,0.8817,0.8992
66,67,bathrobe,medium,c,0.34,84,42,42,37,3,39,5,0.925,0.881,0.9024,0.9158
67,68,bathtub,high,f,0.37,1646,823,823,711,37,786,112,0.9505,0.8639,0.9052,0.9318
68,69,batter_(food),weak,r,0.36,12,6,6,4,1,5,2,0.8,0.6667,0.7273,0.7692
69,70,battery,medium,c,0.36,96,48,48,42,5,43,6,0.8936,0.875,0.8842,0.8898
70,71,beachball,weak,r,0.38,6,3,3,2,0,3,1,1.0,0.6667,0.8,0.9091
71,72,bead,medium,c,0.33,84,42,42,29,8,34,13,0.7838,0.6905,0.7342,0.7632
72,73,bean_curd,medium,c,0.36,48,24,24,23,2,22,1,0.92,0.9583,0.9388,0.9274
73,74,beanbag,medium,c,0.35,32,16,16,14,1,15,2,0.9333,0.875,0.9032,0.9211
74,75,beanie,high,f,0.34,1210,605,605,424,224,381,181,0.6543,0.7008,0.6768,0.6631
75,76,bear,high,f,0.36,1292,646,646,576,22,624,70,0.9632,0.8916,0.926,0.948
76,77,bed,high,f,0.37,3530,1765,1765,1497,102,1663,268,0.9362,0.8482,0.89,0.9172
77,78,bedpan,weak,r,0.34,4,2,2,2,0,2,0,1.0,1.0,1.0,1.0
78,79,bedspread,high,f,0.36,250,125,125,106,12,113,19,0.8983,0.848,0.8724,0.8878
79,80,cow,high,f,0.36,2840,1420,1420,1237,63,1357,183,0.9515,0.8711,0.9096,0.9343
80,81,beef_(food),high,f,0.36,280,140,140,114,19,121,26,0.8571,0.8143,0.8352,0.8482
81,82,beeper,weak,r,0.34,8,4,4,4,3,1,0,0.5714,1.0,0.7273,0.625
82,83,beer_bottle,high,f,0.31,644,322,322,177,38,284,145,0.8233,0.5497,0.6592,0.7487
83,84,beer_can,medium,c,0.33,120,60,60,43,10,50,17,0.8113,0.7167,0.7611,0.7904
84,85,beetle,weak,r,0.3,4,2,2,2,0,2,0,1.0,1.0,1.0,1.0
85,86,bell,high,f,0.33,462,231,231,165,113,118,66,0.5935,0.7143,0.6483,0.6143
86,87,bell_pepper,high,f,0.33,666,333,333,253,76,257,80,0.769,0.7598,0.7644,0.7671
87,88,belt,high,f,0.34,3882,1941,1941,1328,608,1333,613,0.686,0.6842,0.6851,0.6856
88,89,belt_buckle,high,f,0.31,734,367,367,201,84,283,166,0.7053,0.5477,0.6166,0.6669
89,90,bench,high,f,0.35,3844,1922,1922,1010,175,1747,912,0.8523,0.5255,0.6501,0.758
90,91,beret,medium,c,0.34,36,18,18,14,6,12,4,0.7,0.7778,0.7368,0.7143
91,92,bib,medium,c,0.35,162,81,81,61,15,66,20,0.8026,0.7531,0.7771,0.7922
92,93,Bible,weak,r,0.32,2,1,1,1,0,1,0,1.0,1.0,1.0,1.0
93,94,bicycle,high,f,0.34,3704,1852,1852,1222,190,1662,630,0.8654,0.6598,0.7488,0.8147
94,95,visor,high,f,0.33,860,430,430,402,372,58,28,0.5194,0.9349,0.6678,0.5701
95,96,billboard,high,f,0.33,494,247,247,148,31,216,99,0.8268,0.5992,0.6948,0.7684
96,97,binder,medium,c,0.34,188,94,94,48,9,85,46,0.8421,0.5106,0.6358,0.7453
97,98,binoculars,medium,c,0.31,42,21,21,15,9,12,6,0.625,0.7143,0.6667,0.641
98,99,bird,high,f,0.36,3642,1821,1821,1125,68,1753,696,0.943,0.6178,0.7465,0.8532
99,100,birdfeeder,medium,c,0.33,32,16,16,16,0,16,0,1.0,1.0,1.0,1.0
100,101,birdbath,medium,c,0.32,24,12,12,12,3,9,0,0.8,1.0,0.8889,0.8333
101,102,birdcage,medium,c,0.35,50,25,25,19,6,19,6,0.76,0.76,0.76,0.76
102,103,birdhouse,medium,c,0.31,82,41,41,25,6,35,16,0.8065,0.6098,0.6944,0.7576
103,104,birthday_cake,high,f,0.36,488,244,244,220,4,240,24,0.9821,0.9016,0.9402,0.9649
104,105,birthday_card,weak,r,0.3,14,7,7,5,1,6,2,0.8333,0.7143,0.7692,0.8065
105,106,pirate_flag,weak,r,0.31,2,1,1,1,0,1,0,1.0,1.0,1.0,1.0
106,107,black_sheep,medium,c,0.36,80,40,40,36,1,39,4,0.973,0.9,0.9351,0.9574
107,108,blackberry,medium,c,0.33,80,40,40,30,12,28,10,0.7143,0.75,0.7317,0.7212
108,109,blackboard,high,f,0.3,208,104,104,75,32,72,29,0.7009,0.7212,0.7109,0.7049
109,110,blanket,high,f,0.36,3342,1671,1671,1110,113,1558,561,0.9076,0.6643,0.7671,0.8456
110,111,blazer,medium,c,0.33,98,49,49,31,14,35,18,0.6889,0.6327,0.6596,0.6769
111,112,blender,high,f,0.35,486,243,243,174,48,195,69,0.7838,0.716,0.7484,0.7692
112,113,blimp,weak,r,0.32,4,2,2,2,0,2,0,1.0,1.0,1.0,1.0
113,114,blinker,high,f,0.34,484,242,242,210,172,70,32,0.5497,0.8678,0.6731,0.5932
114,115,blouse,high,f,0.31,542,271,271,180,72,199,91,0.7143,0.6642,0.6883,0.7037
115,116,blueberry,high,f,0.36,208,104,104,58,3,101,46,0.9508,0.5577,0.703,0.8333
116,117,gameboard,weak,r,0.32,16,8,8,7,2,6,1,0.7778,0.875,0.8235,0.7955
117,118,boat,high,f,0.35,3516,1758,1758,1292,56,1702,466,0.9585,0.7349,0.8319,0.9035
118,119,bob,weak,r,0.34,2,1,1,1,0,1,0,1.0,1.0,1.0,1.0
119,120,bobbin,medium,c,0.33,96,48,48,48,42,6,0,0.5333,1.0,0.6957,0.5882
120,121,bobby_pin,medium,c,0.33,28,14,14,12,10,4,2,0.5455,0.8571,0.6667,0.5882
121,122,boiled_egg,medium,c,0.31,80,40,40,33,16,24,7,0.6735,0.825,0.7416,0.6992
122,123,bolo_tie,weak,r,0.2,2,1,1,1,1,0,0,0.5,1.0,0.6667,0.5556
123,124,deadbolt,medium,c,0.34,74,37,37,23,15,22,14,0.6053,0.6216,0.6133,0.6085
124,125,bolt,high,f,0.34,3020,1510,1510,1119,640,870,391,0.6362,0.7411,0.6846,0.6547
125,126,bonnet,weak,r,0.34,12,6,6,5,1,5,1,0.8333,0.8333,0.8333,0.8333
126,127,book,high,f,0.34,3806,1903,1903,1088,216,1687,815,0.8344,0.5717,0.6785,0.7642
127,128,bookcase,medium,c,0.35,140,70,70,54,6,64,16,0.9,0.7714,0.8308,0.871
128,129,booklet,medium,c,0.33,172,86,86,27,2,84,59,0.931,0.314,0.4696,0.6683
129,130,bookmark,weak,r,0.34,14,7,7,6,0,7,1,1.0,0.8571,0.9231,0.9677
130,131,boom_microphone,weak,r,0.29,10,5,5,5,3,2,0,0.625,1.0,0.7692,0.6757
131,132,boot,high,f,0.32,2812,1406,1406,1217,979,427,189,0.5542,0.8656,0.6757,0.5972
132,133,bottle,high,f,0.32,3802,1901,1901,1184,720,1181,717,0.6218,0.6228,0.6223,0.622
133,134,bottle_opener,medium,c,0.33,30,15,15,9,1,14,6,0.9,0.6,0.72,0.8182
134,135,bouquet,medium,c,0.35,56,28,28,22,0,28,6,1.0,0.7857,0.88,0.9483
135,136,bow_(weapon),weak,r,0.35,12,6,6,4,3,3,2,0.5714,0.6667,0.6154,0.5882
136,137,bow_(decorative_ribbons),high,f,0.3,988,494,494,494,492,2,0,0.501,1.0,0.6676,0.5566
137,138,bow-tie,high,f,0.34,468,234,234,142,37,197,92,0.7933,0.6068,0.6877,0.7474
138,139,bowl,high,f,0.35,3844,1922,1922,1377,569,1353,545,0.7076,0.7164,0.712,0.7094
139,140,pipe_bowl,weak,r,0.2,2,1,1,1,1,0,0,0.5,1.0,0.6667,0.5556
140,141,bowler_hat,medium,c,0.33,70,35,35,28,18,17,7,0.6087,0.8,0.6914,0.6393
141,142,bowling_ball,weak,r,0.33,10,5,5,4,0,5,1,1.0,0.8,0.8889,0.9524
142,143,box,high,f,0.35,3656,1828,1828,1062,488,1340,766,0.6852,0.581,0.6288,0.6614
143,144,boxing_glove,weak,r,0.32,16,8,8,5,3,5,3,0.625,0.625,0.625,0.625
144,145,suspenders,medium,c,0.34,126,63,63,35,19,44,28,0.6481,0.5556,0.5983,0.6272
145,146,bracelet,high,f,0.33,3334,1667,1667,954,582,1085,713,0.6211,0.5723,0.5957,0.6107
146,147,brass_plaque,weak,r,0.28,8,4,4,3,0,4,1,1.0,0.75,0.8571,0.9375
147,148,brassiere,medium,c,0.35,190,95,95,55,25,70,40,0.6875,0.5789,0.6286,0.6627
148,149,bread-bin,medium,c,0.34,34,17,17,16,4,13,1,0.8,0.9412,0.8649,0.8247
149,150,bread,high,f,0.35,3134,1567,1567,1268,173,1394,299,0.8799,0.8092,0.8431,0.8648
150,151,breechcloth,weak,r,0.35,4,2,2,2,0,2,0,1.0,1.0,1.0,1.0
151,152,bridal_gown,high,f,0.32,206,103,103,97,1,102,6,0.9898,0.9417,0.9652,0.9798
152,153,briefcase,medium,c,0.31,100,50,50,43,14,36,7,0.7544,0.86,0.8037,0.7734
153,154,broccoli,high,f,0.35,2618,1309,1309,1060,72,1237,249,0.9364,0.8098,0.8685,0.908
154,155,broach,weak,r,0.36,12,6,6,3,0,6,3,1.0,0.5,0.6667,0.8333
155,156,broom,medium,c,0.33,184,92,92,66,46,46,26,0.5893,0.7174,0.6471,0.6111
156,157,brownie,medium,c,0.35,38,19,19,15,1,18,4,0.9375,0.7895,0.8571,0.9036
157,158,brussels_sprouts,medium,c,0.34,74,37,37,31,2,35,6,0.9394,0.8378,0.8857,0.9172
158,159,bubble_gum,weak,r,0.31,8,4,4,4,2,2,0,0.6667,1.0,0.8,0.7143
159,160,bucket,high,f,0.34,1418,709,709,557,475,234,152,0.5397,0.7856,0.6399,0.5758
160,161,horse_buggy,weak,r,0.38,18,9,9,8,0,9,1,1.0,0.8889,0.9412,0.9756
161,162,bull,medium,c,0.36,164,82,82,67,6,76,15,0.9178,0.8171,0.8645,0.8957
162,163,bulldog,medium,c,0.35,30,15,15,11,0,15,4,1.0,0.7333,0.8462,0.9322
163,164,bulldozer,weak,r,0.34,6,3,3,3,0,3,0,1.0,1.0,1.0,1.0
164,165,bullet_train,medium,c,0.35,122,61,61,60,1,60,1,0.9836,0.9836,0.9836,0.9836
165,166,bulletin_board,medium,c,0.32,102,51,51,34,9,42,17,0.7907,0.6667,0.7234,0.7623
166,167,bulletproof_vest,weak,r,0.32,10,5,5,4,1,4,1,0.8,0.8,0.8,0.8
167,168,bullhorn,medium,c,0.34,26,13,13,10,5,8,3,0.6667,0.7692,0.7143,0.6849
168,169,bun,high,f,0.37,1284,642,642,474,90,552,168,0.8404,0.7383,0.7861,0.8178
169,170,bunk_bed,medium,c,0.38,48,24,24,20,1,23,4,0.9524,0.8333,0.8889,0.9259
170,171,buoy,high,f,0.35,510,255,255,183,35,220,72,0.8394,0.7176,0.7738,0.8119
171,172,burrito,weak,r,0.32,18,9,9,9,1,8,0,0.9,1.0,0.9474,0.9184
172,173,bus_(vehicle),high,f,0.36,3616,1808,1808,1505,92,1716,303,0.9424,0.8324,0.884,0.9181
173,174,business_card,medium,c,0.3,62,31,31,26,10,21,5,0.7222,0.8387,0.7761,0.7429
174,175,butter,high,f,0.35,316,158,158,123,38,120,35,0.764,0.7785,0.7712,0.7668
175,176,butterfly,medium,c,0.32,160,80,80,42,7,73,38,0.8571,0.525,0.6512,0.7609
176,177,button,high,f,0.33,3768,1884,1884,1226,919,965,658,0.5716,0.6507,0.6086,0.5858
177,178,cab_(taxi),high,f,0.36,316,158,158,110,9,149,48,0.9244,0.6962,0.7942,0.8675
178,179,cabana,weak,r,0.34,4,2,2,2,0,2,0,1.0,1.0,1.0,1.0
179,180,cabin_car,medium,c,0.36,24,12,12,10,0,12,2,1.0,0.8333,0.9091,0.9615
180,181,cabinet,high,f,0.35,3318,1659,1659,1303,231,1428,356,0.8494,0.7854,0.8162,0.8358
181,182,locker,weak,r,0.36,14,7,7,5,0,7,2,1.0,0.7143,0.8333,0.9259
182,183,cake,high,f,0.37,1668,834,834,644,37,797,190,0.9457,0.7722,0.8502,0.905
183,184,calculator,medium,c,0.32,114,57,57,44,5,52,13,0.898,0.7719,0.8302,0.8696
184,185,calendar,high,f,0.33,348,174,174,111,38,136,63,0.745,0.6379,0.6873,0.7208
185,186,calf,medium,c,0.37,190,95,95,79,1,94,16,0.9875,0.8316,0.9029,0.9518
186,187,camcorder,medium,c,0.36,54,27,27,12,7,20,15,0.6316,0.4444,0.5217,0.5825
187,188,camel,medium,c,0.35,44,22,22,11,1,21,11,0.9167,0.5,0.6471,0.7857
188,189,camera,high,f,0.35,2782,1391,1391,936,676,715,455,0.5806,0.6729,0.6234,0.597
189,190,camera_lens,medium,c,0.35,180,90,90,44,2,88,46,0.9565,0.4889,0.6471,0.8029
190,191,camper_(vehicle),medium,c,0.36,80,40,40,18,1,39,22,0.9474,0.45,0.6102,0.7759
191,192,can,high,f,0.34,890,445,445,336,212,233,109,0.6131,0.7551,0.6767,0.6371
192,193,can_opener,medium,c,0.33,42,21,21,20,13,8,1,0.6061,0.9524,0.7407,0.6536
193,194,candle,high,f,0.32,2264,1132,1132,830,308,824,302,0.7293,0.7332,0.7313,0.7301
194,195,candle_holder,high,f,0.31,354,177,177,97,23,154,80,0.8083,0.548,0.6532,0.7382
195,196,candy_bar,weak,r,0.3,8,4,4,4,0,4,0,1.0,1.0,1.0,1.0
196,197,candy_cane,medium,c,0.34,34,17,17,13,2,15,4,0.8667,0.7647,0.8125,0.8442
197,198,walking_cane,medium,c,0.33,168,84,84,59,37,47,25,0.6146,0.7024,0.6556,0.6303
198,199,canister,medium,c,0.36,110,55,55,31,10,45,24,0.7561,0.5636,0.6458,0.7078
199,200,canoe,medium,c,0.33,60,30,30,25,4,26,5,0.8621,0.8333,0.8475,0.8562
200,201,cantaloup,medium,c,0.36,50,25,25,13,1,24,12,0.9286,0.52,0.6667,0.8025
201,202,canteen,weak,r,0.35,4,2,2,1,0,2,1,1.0,0.5,0.6667,0.8333
202,203,cap_(headwear),high,f,0.34,250,125,125,90,69,56,35,0.566,0.72,0.6338,0.5913
203,204,bottle_cap,high,f,0.32,2270,1135,1135,845,693,442,290,0.5494,0.7445,0.6322,0.5798
204,205,cape,medium,c,0.35,38,19,19,11,6,13,8,0.6471,0.5789,0.6111,0.6322
205,206,cappuccino,medium,c,0.35,144,72,72,53,1,71,19,0.9815,0.7361,0.8413,0.9201
206,207,car_(automobile),high,f,0.34,3852,1926,1926,1146,320,1606,780,0.7817,0.595,0.6757,0.7356
207,208,railcar_(part_of_a_train),high,f,0.35,318,159,159,154,6,153,5,0.9625,0.9686,0.9655,0.9637
208,209,elevator_car,weak,r,0.32,14,7,7,5,1,6,2,0.8333,0.7143,0.7692,0.8065
209,210,car_battery,weak,r,0.28,2,1,1,1,0,1,0,1.0,1.0,1.0,1.0
210,211,identity_card,medium,c,0.27,26,13,13,8,5,8,5,0.6154,0.6154,0.6154,0.6154
211,212,card,medium,c,0.33,70,35,35,20,7,28,15,0.7407,0.5714,0.6452,0.6993
212,213,cardigan,medium,c,0.31,36,18,18,16,6,12,2,0.7273,0.8889,0.8,0.7547
213,214,cargo_ship,weak,r,0.32,16,8,8,5,0,8,3,1.0,0.625,0.7692,0.8929
214,215,carnation,weak,r,0.35,12,6,6,4,0,6,2,1.0,0.6667,0.8,0.9091
215,216,horse_carriage,medium,c,0.36,70,35,35,26,0,35,9,1.0,0.7429,0.8525,0.9353
216,217,carrot,high,f,0.35,2444,1222,1222,866,142,1080,356,0.8591,0.7087,0.7767,0.8241
217,218,tote_bag,high,f,0.31,206,103,103,59,22,81,44,0.7284,0.5728,0.6413,0.6909
218,219,cart,medium,c,0.37,56,28,28,21,0,28,7,1.0,0.75,0.8571,0.9375
219,220,carton,medium,c,0.35,126,63,63,26,8,55,37,0.7647,0.4127,0.5361,0.6533
220,221,cash_register,medium,c,0.35,56,28,28,18,1,27,10,0.9474,0.6429,0.766,0.8654
221,222,casserole,weak,r,0.37,10,5,5,4,0,5,1,1.0,0.8,0.8889,0.9524
222,223,cassette,weak,r,0.33,14,7,7,5,1,6,2,0.8333,0.7143,0.7692,0.8065
223,224,cast,medium,c,0.32,28,14,14,12,2,12,2,0.8571,0.8571,0.8571,0.8571
224,225,cat,high,f,0.37,3836,1918,1918,1613,68,1850,305,0.9595,0.841,0.8964,0.9332
225,226,cauliflower,high,f,0.32,266,133,133,118,17,116,15,0.8741,0.8872,0.8806,0.8767
226,227,cayenne_(spice),medium,c,0.33,32,16,16,10,3,13,6,0.7692,0.625,0.6897,0.7353
227,228,CD_player,medium,c,0.34,54,27,27,19,2,25,8,0.9048,0.7037,0.7917,0.8559
228,229,celery,high,f,0.33,220,110,110,90,11,99,20,0.8911,0.8182,0.8531,0.8755
229,230,cellular_telephone,high,f,0.35,3790,1895,1895,1203,308,1587,692,0.7962,0.6348,0.7064,0.7577
230,231,chain_mail,weak,r,0.34,8,4,4,2,0,4,2,1.0,0.5,0.6667,0.8333
231,232,chair,high,f,0.33,3854,1927,1927,1099,586,1341,828,0.6522,0.5703,0.6085,0.634
232,233,chaise_longue,weak,r,0.34,16,8,8,7,1,7,1,0.875,0.875,0.875,0.875
233,234,chalice,weak,r,0.32,2,1,1,1,0,1,0,1.0,1.0,1.0,1.0
234,235,chandelier,high,f,0.32,526,263,263,196,22,241,67,0.8991,0.7452,0.815,0.8634
235,236,chap,weak,r,0.35,20,10,10,6,3,7,4,0.6667,0.6,0.6316,0.6522
236,237,checkbook,weak,r,0.35,4,2,2,1,0,2,1,1.0,0.5,0.6667,0.8333
237,238,checkerboard,weak,r,0.32,6,3,3,3,2,1,0,0.6,1.0,0.75,0.6522
238,239,cherry,medium,c,0.35,174,87,87,64,25,62,23,0.7191,0.7356,0.7273,0.7223
239,240,chessboard,weak,r,0.29,18,9,9,7,1,8,2,0.875,0.7778,0.8235,0.8537
240,241,chicken_(animal),medium,c,0.35,142,71,71,48,5,66,23,0.9057,0.6761,0.7742,0.8481
241,242,chickpea,medium,c,0.35,26,13,13,12,2,11,1,0.8571,0.9231,0.8889,0.8696
242,243,chili_(vegetable),medium,c,0.36,36,18,18,14,2,16,4,0.875,0.7778,0.8235,0.8537
243,244,chime,weak,r,0.2,4,2,2,2,2,0,0,0.5,1.0,0.6667,0.5556
244,245,chinaware,weak,r,0.32,10,5,5,5,4,1,0,0.5556,1.0,0.7143,0.6098
245,246,crisp_(potato_chip),medium,c,0.36,90,45,45,35,5,40,10,0.875,0.7778,0.8235,0.8537
246,247,poker_chip,weak,r,0.32,2,1,1,1,0,1,0,1.0,1.0,1.0,1.0
247,248,chocolate_bar,medium,c,0.35,46,23,23,14,1,22,9,0.9333,0.6087,0.7368,0.8434
248,249,chocolate_cake,medium,c,0.33,64,32,32,28,0,32,4,1.0,0.875,0.9333,0.9722
249,250,chocolate_milk,weak,r,0.34,8,4,4,2,0,4,2,1.0,0.5,0.6667,0.8333
250,251,chocolate_mousse,weak,r,0.28,2,1,1,1,0,1,0,1.0,1.0,1.0,1.0
251,252,choker,high,f,0.34,1716,858,858,518,219,639,340,0.7028,0.6037,0.6495,0.6805
252,253,chopping_board,high,f,0.35,1322,661,661,460,100,561,201,0.8214,0.6959,0.7535,0.7928
253,254,chopstick,high,f,0.34,336,168,168,149,38,130,19,0.7968,0.8869,0.8394,0.8133
254,255,Christmas_tree,high,f,0.33,420,210,210,170,7,203,40,0.9605,0.8095,0.8786,0.9259
255,256,slide,medium,c,0.36,130,65,65,53,26,39,12,0.6709,0.8154,0.7361,0.6955
256,257,cider,weak,r,0.35,8,4,4,2,0,4,2,1.0,0.5,0.6667,0.8333
257,258,cigar_box,weak,r,0.25,4,2,2,2,0,2,0,1.0,1.0,1.0,1.0
258,259,cigarette,high,f,0.35,318,159,159,93,34,125,66,0.7323,0.5849,0.6503,0.6972
259,260,cigarette_case,medium,c,0.31,62,31,31,25,11,20,6,0.6944,0.8065,0.7463,0.7143
260,261,cistern,high,f,0.35,1622,811,811,579,77,734,232,0.8826,0.7139,0.7894,0.8428
261,262,clarinet,weak,r,0.33,2,1,1,1,0,1,0,1.0,1.0,1.0,1.0
262,263,clasp,medium,c,0.2,84,42,42,42,42,0,0,0.5,1.0,0.6667,0.5556
263,264,cleansing_agent,medium,c,0.34,54,27,27,24,12,15,3,0.6667,0.8889,0.7619,0.7018
264,265,cleat_(for_securing_rope),weak,r,0.2,4,2,2,2,2,0,0,0.5,1.0,0.6667,0.5556
265,266,clementine,weak,r,0.31,10,5,5,5,0,5,0,1.0,1.0,1.0,1.0
266,267,clip,medium,c,0.36,190,95,95,52,16,79,43,0.7647,0.5474,0.638,0.7084
267,268,clipboard,medium,c,0.33,64,32,32,24,9,23,8,0.7273,0.75,0.7385,0.7317
268,269,clippers_(for_plants),weak,r,0.34,2,1,1,1,0,1,0,1.0,1.0,1.0,1.0
269,270,cloak,weak,r,0.33,2,1,1,1,0,1,0,1.0,1.0,1.0,1.0
270,271,clock,high,f,0.35,3688,1844,1844,911,189,1655,933,0.8282,0.494,0.6189,0.7295
271,272,clock_tower,high,f,0.34,1794,897,897,804,19,878,93,0.9769,0.8963,0.9349,0.9597
272,273,clothes_hamper,medium,c,0.32,62,31,31,21,7,24,10,0.75,0.6774,0.7119,0.7343
273,274,clothespin,medium,c,0.34,46,23,23,14,6,17,9,0.7,0.6087,0.6512,0.6796
274,275,clutch_bag,weak,r,0.2,2,1,1,1,1,0,0,0.5,1.0,0.6667,0.5556
275,276,coaster,high,f,0.32,404,202,202,160,126,76,42,0.5594,0.7921,0.6557,0.5944
276,277,coat,high,f,0.33,1492,746,746,526,359,387,220,0.5944,0.7051,0.645,0.6136
277,278,coat_hanger,medium,c,0.35,88,44,44,20,1,43,24,0.9524,0.4545,0.6154,0.7812
278,279,coatrack,medium,c,0.37,28,14,14,6,2,12,8,0.75,0.4286,0.5455,0.6522
279,280,cock,medium,c,0.37,52,26,26,9,0,26,17,1.0,0.3462,0.5143,0.7258
280,281,cockroach,weak,r,0.31,2,1,1,1,0,1,0,1.0,1.0,1.0,1.0
281,282,cocoa_(beverage),weak,r,0.34,4,2,2,2,0,2,0,1.0,1.0,1.0,1.0
282,283,coconut,medium,c,0.35,50,25,25,23,6,19,2,0.7931,0.92,0.8519,0.8156
283,284,coffee_maker,high,f,0.32,476,238,238,180,54,184,58,0.7692,0.7563,0.7627,0.7666
284,285,coffee_table,high,f,0.32,1184,592,592,477,116,476,115,0.8044,0.8057,0.8051,0.8047
285,286,coffeepot,medium,c,0.34,52,26,26,15,3,23,11,0.8333,0.5769,0.6818,0.7653
286,287,coil,weak,r,0.32,10,5,5,4,1,4,1,0.8,0.8,0.8,0.8
287,288,coin,medium,c,0.33,84,42,42,29,11,31,13,0.725,0.6905,0.7073,0.7178
288,289,colander,medium,c,0.35,26,13,13,9,1,12,4,0.9,0.6923,0.7826,0.8491
289,290,coleslaw,medium,c,0.37,92,46,46,43,2,44,3,0.9556,0.9348,0.9451,0.9513
290,291,coloring_material,weak,r,0.32,2,1,1,1,0,1,0,1.0,1.0,1.0,1.0
291,292,combination_lock,weak,r,0.34,16,8,8,4,1,7,4,0.8,0.5,0.6154,0.7143
292,293,pacifier,medium,c,0.36,68,34,34,25,2,32,9,0.9259,0.7353,0.8197,0.8803
293,294,comic_book,weak,r,0.34,10,5,5,5,0,5,0,1.0,1.0,1.0,1.0
294,295,compass,weak,r,0.33,2,1,1,1,0,1,0,1.0,1.0,1.0,1.0
295,296,computer_keyboard,high,f,0.35,3742,1871,1871,1592,57,1814,279,0.9654,0.8509,0.9045,0.9401
296,297,condiment,high,f,0.37,1434,717,717,561,62,655,156,0.9005,0.7824,0.8373,0.8741
297,298,cone,high,f,0.35,2020,1010,1010,569,265,745,441,0.6823,0.5634,0.6171,0.6546
298,299,control,high,f,0.35,1358,679,679,493,85,594,186,0.8529,0.7261,0.7844,0.8241
299,300,convertible_(automobile),weak,r,0.33,6,3,3,3,0,3,0,1.0,1.0,1.0,1.0
300,301,sofa_bed,weak,r,0.3,8,4,4,4,0,4,0,1.0,1.0,1.0,1.0
301,302,cooker,weak,r,0.29,2,1,1,1,0,1,0,1.0,1.0,1.0,1.0
302,303,cookie,high,f,0.35,332,166,166,133,42,124,33,0.76,0.8012,0.7801,0.7679
303,304,cooking_utensil,weak,r,0.36,4,2,2,1,0,2,1,1.0,0.5,0.6667,0.8333
304,305,cooler_(for_food),high,f,0.3,532,266,266,261,250,16,5,0.5108,0.9812,0.6718,0.5649
305,306,cork_(bottle_plug),high,f,0.34,202,101,101,69,14,87,32,0.8313,0.6832,0.75,0.7968
306,307,corkboard,weak,r,0.3,12,6,6,6,4,2,0,0.6,1.0,0.75,0.6522
307,308,corkscrew,medium,c,0.34,28,14,14,9,0,14,5,1.0,0.6429,0.7826,0.9
308,309,edible_corn,high,f,0.35,266,133,133,74,13,120,59,0.8506,0.5564,0.6727,0.7692
309,310,cornbread,weak,r,0.32,4,2,2,2,0,2,0,1.0,1.0,1.0,1.0
310,311,cornet,medium,c,0.33,76,38,38,35,27,11,3,0.5645,0.9211,0.7,0.6119
311,312,cornice,medium,c,0.33,190,95,95,87,83,12,8,0.5118,0.9158,0.6566,0.5613
312,313,cornmeal,weak,r,0.34,2,1,1,1,0,1,0,1.0,1.0,1.0,1.0
313,314,corset,medium,c,0.35,24,12,12,11,1,11,1,0.9167,0.9167,0.9167,0.9167
314,315,costume,medium,c,0.36,98,49,49,27,2,47,22,0.931,0.551,0.6923,0.8182
315,316,cougar,weak,r,0.35,10,5,5,2,1,4,3,0.6667,0.4,0.5,0.5882
316,317,coverall,weak,r,0.2,10,5,5,5,5,0,0,0.5,1.0,0.6667,0.5556
317,318,cowbell,medium,c,0.36,32,16,16,8,2,14,8,0.8,0.5,0.6154,0.7143
318,319,cowboy_hat,high,f,0.35,432,216,216,91,14,202,125,0.8667,0.4213,0.567,0.7154
319,320,crab_(animal),medium,c,0.35,24,12,12,5,0,12,7,1.0,0.4167,0.5882,0.7812
320,321,crabmeat,weak,r,0.29,2,1,1,1,0,1,0,1.0,1.0,1.0,1.0
321,322,cracker,medium,c,0.36,108,54,54,34,10,44,20,0.7727,0.6296,0.6939,0.7391
322,323,crape,weak,r,0.37,10,5,5,5,0,5,0,1.0,1.0,1.0,1.0
323,324,crate,high,f,0.32,490,245,245,163,91,154,82,0.6417,0.6653,0.6533,0.6463
324,325,crayon,medium,c,0.34,24,12,12,6,0,12,6,1.0,0.5,0.6667,0.8333
325,326,cream_pitcher,weak,r,0.32,14,7,7,4,1,6,3,0.8,0.5714,0.6667,0.7407
326,327,crescent_roll,medium,c,0.35,70,35,35,34,7,28,1,0.8293,0.9714,0.8947,0.8543
327,328,crib,medium,c,0.37,72,36,36,27,3,33,9,0.9,0.75,0.8182,0.8654
328,329,crock_pot,medium,c,0.33,64,32,32,28,7,25,4,0.8,0.875,0.8358,0.814
329,330,crossbar,high,f,0.33,2054,1027,1027,889,760,267,138,0.5391,0.8656,0.6644,0.5831
330,331,crouton,weak,r,0.34,20,10,10,10,9,1,0,0.5263,1.0,0.6897,0.5814
331,332,crow,medium,c,0.38,24,12,12,8,0,12,4,1.0,0.6667,0.8,0.9091
332,333,crowbar,weak,r,0.35,2,1,1,1,0,1,0,1.0,1.0,1.0,1.0
333,334,crown,medium,c,0.32,134,67,67,61,41,26,6,0.598,0.9104,0.7219,0.6421
334,335,crucifix,medium,c,0.32,142,71,71,38,9,62,33,0.8085,0.5352,0.6441,0.7336
335,336,cruise_ship,medium,c,0.37,60,30,30,23,0,30,7,1.0,0.7667,0.8679,0.9426
336,337,police_cruiser,medium,c,0.34,96,48,48,38,3,45,10,0.9268,0.7917,0.8539,0.8962
337,338,crumb,high,f,0.35,498,249,249,217,86,163,32,0.7162,0.8715,0.7862,0.7426
338,339,crutch,medium,c,0.35,26,13,13,8,2,11,5,0.8,0.6154,0.6957,0.7547
339,340,cub_(animal),medium,c,0.38,58,29,29,18,0,29,11,1.0,0.6207,0.766,0.8911
340,341,cube,medium,c,0.34,28,14,14,6,2,12,8,0.75,0.4286,0.5455,0.6522
341,342,cucumber,high,f,0.33,472,236,236,217,84,152,19,0.7209,0.9195,0.8082,0.7535
342,343,cufflink,medium,c,0.33,30,15,15,10,1,14,5,0.9091,0.6667,0.7692,0.8475
343,344,cup,high,f,0.34,3042,1521,1521,929,489,1032,592,0.6551,0.6108,0.6322,0.6458
344,345,trophy_cup,medium,c,0.33,50,25,25,12,2,23,13,0.8571,0.48,0.6154,0.7407
345,346,cupboard,high,f,0.36,498,249,249,165,16,233,84,0.9116,0.6627,0.7674,0.8479
346,347,cupcake,high,f,0.37,278,139,139,103,5,134,36,0.9537,0.741,0.834,0.9019
347,348,hair_curler,weak,r,0.32,4,2,2,2,0,2,0,1.0,1.0,1.0,1.0
348,349,curling_iron,weak,r,0.2,4,2,2,2,2,0,0,0.5,1.0,0.6667,0.5556
349,350,curtain,high,f,0.34,3780,1890,1890,1228,363,1527,662,0.7718,0.6497,0.7055,0.7439
350,351,cushion,high,f,0.34,2480,1240,1240,786,230,1010,454,0.7736,0.6339,0.6968,0.741
351,352,cylinder,weak,r,0.32,2,1,1,1,0,1,0,1.0,1.0,1.0,1.0
352,353,cymbal,weak,r,0.31,18,9,9,9,1,8,0,0.9,1.0,0.9474,0.9184
353,354,dagger,weak,r,0.32,2,1,1,1,0,1,0,1.0,1.0,1.0,1.0
354,355,dalmatian,weak,r,0.27,6,3,3,3,1,2,0,0.75,1.0,0.8571,0.7895
355,356,dartboard,medium,c,0.34,22,11,11,4,0,11,7,1.0,0.3636,0.5333,0.7407
356,357,date_(fruit),weak,r,0.2,8,4,4,4,4,0,0,0.5,1.0,0.6667,0.5556
357,358,deck_chair,high,f,0.34,472,236,236,177,22,214,59,0.8894,0.75,0.8138,0.8576
358,359,deer,medium,c,0.35,88,44,44,28,8,36,16,0.7778,0.6364,0.7,0.7447
359,360,dental_floss,medium,c,0.35,38,19,19,15,2,17,4,0.8824,0.7895,0.8333,0.8621
360,361,desk,high,f,0.38,2200,1100,1100,863,62,1038,237,0.933,0.7845,0.8523,0.899
361,362,detergent,weak,r,0.35,14,7,7,6,0,7,1,1.0,0.8571,0.9231,0.9677
362,363,diaper,medium,c,0.37,138,69,69,55,0,69,14,1.0,0.7971,0.8871,0.9516
363,364,diary,weak,r,0.33,4,2,2,2,0,2,0,1.0,1.0,1.0,1.0
364,365,die,weak,r,0.34,16,8,8,4,2,6,4,0.6667,0.5,0.5714,0.625
365,366,dinghy,weak,r,0.34,10,5,5,4,0,5,1,1.0,0.8,0.8889,0.9524
366,367,dining_table,high,f,0.32,454,227,227,207,46,181,20,0.8182,0.9119,0.8625,0.8354
367,368,tux,weak,r,0.36,12,6,6,5,0,6,1,1.0,0.8333,0.9091,0.9615
368,369,dish,high,f,0.37,212,106,106,83,16,90,23,0.8384,0.783,0.8098,0.8267
369,370,dish_antenna,medium,c,0.33,162,81,81,38,20,61,43,0.6552,0.4691,0.5468,0.607
370,371,dishrag,medium,c,0.35,34,17,17,12,5,12,5,0.7059,0.7059,0.7059,0.7059
371,372,dishtowel,high,f,0.32,268,134,134,99,49,85,35,0.6689,0.7388,0.7021,0.6818
372,373,dishwasher,high,f,0.36,624,312,312,247,23,289,65,0.9148,0.7917,0.8488,0.8872
373,374,dishwasher_detergent,weak,r,0.32,16,8,8,8,2,6,0,0.8,1.0,0.8889,0.8333
374,375,dispenser,high,f,0.35,542,271,271,212,42,229,59,0.8346,0.7823,0.8076,0.8236
375,376,diving_board,weak,r,0.31,4,2,2,2,0,2,0,1.0,1.0,1.0,1.0
376,377,Dixie_cup,high,f,0.32,206,103,103,69,28,75,34,0.7113,0.6699,0.69,0.7026
377,378,dog,high,f,0.36,3876,1938,1938,1330,91,1847,608,0.936,0.6863,0.7919,0.8725
378,379,dog_collar,high,f,0.34,1148,574,574,456,44,530,118,0.912,0.7944,0.8492,0.8858
379,380,doll,high,f,0.34,240,120,120,100,21,99,20,0.8264,0.8333,0.8299,0.8278
380,381,dollar,weak,r,0.32,4,2,2,2,0,2,0,1.0,1.0,1.0,1.0
381,382,dollhouse,weak,r,0.31,4,2,2,2,0,2,0,1.0,1.0,1.0,1.0
382,383,dolphin,medium,c,0.31,26,13,13,11,2,11,2,0.8462,0.8462,0.8462,0.8462
383,384,domestic_ass,medium,c,0.35,58,29,29,23,5,24,6,0.8214,0.7931,0.807,0.8156
384,385,doorknob,high,f,0.31,3420,1710,1710,1061,533,1177,649,0.6656,0.6205,0.6423,0.6561
385,386,doormat,medium,c,0.35,132,66,66,30,7,59,36,0.8108,0.4545,0.5825,0.7009
386,387,doughnut,high,f,0.36,2016,1008,1008,878,48,960,130,0.9482,0.871,0.908,0.9317
387,388,dove,weak,r,0.2,2,1,1,1,1,0,0,0.5,1.0,0.6667,0.5556
388,389,dragonfly,weak,r,0.27,6,3,3,3,1,2,0,0.75,1.0,0.8571,0.7895
389,390,drawer,high,f,0.34,3884,1942,1942,1467,436,1506,475,0.7709,0.7554,0.7631,0.7677
390,391,underdrawers,medium,c,0.33,38,19,19,15,0,19,4,1.0,0.7895,0.8824,0.9494
391,392,dress,high,f,0.33,2976,1488,1488,1020,463,1025,468,0.6878,0.6855,0.6866,0.6873
392,393,dress_hat,medium,c,0.33,92,46,46,29,10,36,17,0.7436,0.6304,0.6824,0.7178
393,394,dress_suit,high,f,0.33,212,106,106,48,8,98,58,0.8571,0.4528,0.5926,0.7273
394,395,dresser,high,f,0.34,230,115,115,82,16,99,33,0.8367,0.713,0.77,0.8087
395,396,drill,medium,c,0.35,38,19,19,13,8,11,6,0.619,0.6842,0.65,0.6311
396,397,drone,weak,r,0.33,4,2,2,1,0,2,1,1.0,0.5,0.6667,0.8333
397,398,dropper,weak,r,0.34,2,1,1,1,0,1,0,1.0,1.0,1.0,1.0
398,399,drum_(musical_instrument),medium,c,0.36,56,28,28,9,1,27,19,0.9,0.3214,0.4737,0.6618
399,400,drumstick,weak,r,0.37,18,9,9,5,0,9,4,1.0,0.5556,0.7143,0.8621
400,401,duck,high,f,0.37,384,192,192,107,5,187,85,0.9554,0.5573,0.7039,0.8359
401,402,duckling,medium,c,0.39,24,12,12,10,0,12,2,1.0,0.8333,0.9091,0.9615
402,403,duct_tape,medium,c,0.35,42,21,21,9,2,19,12,0.8182,0.4286,0.5625,0.6923
403,404,duffel_bag,high,f,0.34,494,247,247,152,71,176,95,0.6816,0.6154,0.6468,0.6673
404,405,dumbbell,weak,r,0.33,12,6,6,5,3,3,1,0.625,0.8333,0.7143,0.6579
405,406,dumpster,medium,c,0.35,128,64,64,29,6,58,35,0.8286,0.4531,0.5859,0.7108
406,407,dustpan,weak,r,0.36,14,7,7,4,0,7,3,1.0,0.5714,0.7273,0.8696
407,408,eagle,medium,c,0.33,80,40,40,27,4,36,13,0.871,0.675,0.7606,0.8232
408,409,earphone,high,f,0.35,1084,542,542,342,111,431,200,0.755,0.631,0.6874,0.7264
409,410,earplug,weak,r,0.35,4,2,2,2,0,2,0,1.0,1.0,1.0,1.0
410,411,earring,high,f,0.32,3796,1898,1898,1419,1063,835,479,0.5717,0.7476,0.6479,0.5999
411,412,easel,medium,c,0.33,72,36,36,23,12,24,13,0.6571,0.6389,0.6479,0.6534
412,413,eclair,weak,r,0.34,8,4,4,4,0,4,0,1.0,1.0,1.0,1.0
413,414,eel,weak,r,0.2,2,1,1,1,1,0,0,0.5,1.0,0.6667,0.5556
414,415,egg,high,f,0.34,382,191,191,154,44,147,37,0.7778,0.8063,0.7918,0.7833
415,416,egg_roll,weak,r,0.36,12,6,6,5,1,5,1,0.8333,0.8333,0.8333,0.8333
416,417,egg_yolk,medium,c,0.35,82,41,41,35,5,36,6,0.875,0.8537,0.8642,0.8706
417,418,eggbeater,medium,c,0.35,78,39,39,32,17,22,7,0.6531,0.8205,0.7273,0.6809
418,419,eggplant,medium,c,0.36,92,46,46,29,6,40,17,0.8286,0.6304,0.716,0.7796
419,420,electric_chair,weak,r,0.32,2,1,1,1,0,1,0,1.0,1.0,1.0,1.0
420,421,refrigerator,high,f,0.35,2902,1451,1451,1188,148,1303,263,0.8892,0.8187,0.8525,0.8742
421,422,elephant,high,f,0.36,3756,1878,1878,1683,26,1852,195,0.9848,0.8962,0.9384,0.9657
422,423,elk,medium,c,0.33,22,11,11,9,1,10,2,0.9,0.8182,0.8571,0.8824
423,424,envelope,medium,c,0.34,164,82,82,36,5,77,46,0.878,0.439,0.5854,0.7317
424,425,eraser,medium,c,0.35,36,18,18,14,3,15,4,0.8235,0.7778,0.8,0.814
425,426,escargot,weak,r,0.31,2,1,1,1,0,1,0,1.0,1.0,1.0,1.0
426,427,eyepatch,weak,r,0.35,14,7,7,4,2,5,3,0.6667,0.5714,0.6154,0.6452
427,428,falcon,weak,r,0.36,6,3,3,2,0,3,1,1.0,0.6667,0.8,0.9091
428,429,fan,high,f,0.29,1150,575,575,574,570,5,1,0.5017,0.9983,0.6678,0.5572
429,430,faucet,high,f,0.36,3814,1907,1907,1464,385,1522,443,0.7918,0.7677,0.7796,0.7868
430,431,fedora,weak,r,0.36,16,8,8,4,0,8,4,1.0,0.5,0.6667,0.8333
431,432,ferret,weak,r,0.31,8,4,4,4,0,4,0,1.0,1.0,1.0,1.0
432,433,Ferris_wheel,medium,c,0.31,64,32,32,25,6,26,7,0.8065,0.7812,0.7937,0.8013
433,434,ferry,medium,c,0.34,22,11,11,11,0,11,0,1.0,1.0,1.0,1.0
434,435,fig_(fruit),weak,r,0.32,8,4,4,4,3,1,0,0.5714,1.0,0.7273,0.625
435,436,fighter_jet,medium,c,0.33,108,54,54,53,0,54,1,1.0,0.9815,0.9907,0.9962
436,437,figurine,high,f,0.34,404,202,202,118,36,166,84,0.7662,0.5842,0.6629,0.7213
437,438,file_cabinet,medium,c,0.33,64,32,32,25,2,30,7,0.9259,0.7812,0.8475,0.8929
438,439,file_(tool),weak,r,0.2,6,3,3,3,3,0,0,0.5,1.0,0.6667,0.5556
439,440,fire_alarm,high,f,0.31,260,130,130,87,54,76,43,0.617,0.6692,0.6421,0.6268
440,441,fire_engine,high,f,0.36,238,119,119,98,1,118,21,0.9899,0.8235,0.8991,0.9515
441,442,fire_extinguisher,high,f,0.28,282,141,141,112,90,51,29,0.5545,0.7943,0.6531,0.5901
442,443,fire_hose,medium,c,0.35,58,29,29,28,0,29,1,1.0,0.9655,0.9825,0.9929
443,444,fireplace,high,f,0.34,1050,525,525,448,33,492,77,0.9314,0.8533,0.8907,0.9147
444,445,fireplug,high,f,0.37,2646,1323,1323,972,55,1268,351,0.9464,0.7347,0.8272,0.8949
445,446,first-aid_kit,weak,r,0.35,4,2,2,1,0,2,1,1.0,0.5,0.6667,0.8333
446,447,fish,high,f,0.33,226,113,113,68,32,81,45,0.68,0.6018,0.6385,0.6628
447,448,fish_(food),medium,c,0.34,32,16,16,12,3,13,4,0.8,0.75,0.7742,0.7895
448,449,fishbowl,weak,r,0.34,14,7,7,4,0,7,3,1.0,0.5714,0.7273,0.8696
449,450,fishing_rod,medium,c,0.33,70,35,35,32,3,32,3,0.9143,0.9143,0.9143,0.9143
450,451,flag,high,f,0.32,3816,1908,1908,1100,617,1291,808,0.6407,0.5765,0.6069,0.6267
451,452,flagpole,high,f,0.35,706,353,353,169,42,311,184,0.8009,0.4788,0.5993,0.7059
452,453,flamingo,medium,c,0.35,36,18,18,11,0,18,7,1.0,0.6111,0.7586,0.8871
453,454,flannel,medium,c,0.32,28,14,14,11,7,7,3,0.6111,0.7857,0.6875,0.6395
454,455,flap,medium,c,0.35,154,77,77,55,40,37,22,0.5789,0.7143,0.6395,0.6018
455,456,flash,weak,r,0.34,16,8,8,6,0,8,2,1.0,0.75,0.8571,0.9375
456,457,flashlight,medium,c,0.33,74,37,37,29,12,25,8,0.7073,0.7838,0.7436,0.7214
457,458,fleece,weak,r,0.33,2,1,1,1,0,1,0,1.0,1.0,1.0,1.0
458,459,flip-flop_(sandal),high,f,0.33,692,346,346,219,158,188,127,0.5809,0.6329,0.6058,0.5906
459,460,flipper_(footwear),medium,c,0.36,38,19,19,13,5,14,6,0.7222,0.6842,0.7027,0.7143
460,461,flower_arrangement,high,f,0.31,3558,1779,1779,1113,74,1705,666,0.9377,0.6256,0.7505,0.8526
461,462,flute_glass,medium,c,0.31,46,23,23,21,5,18,2,0.8077,0.913,0.8571,0.8268
462,463,foal,medium,c,0.36,50,25,25,23,0,25,2,1.0,0.92,0.9583,0.9829
463,464,folding_chair,medium,c,0.3,134,67,67,36,24,43,31,0.6,0.5373,0.5669,0.5863
464,465,food_processor,medium,c,0.36,38,19,19,13,0,19,6,1.0,0.6842,0.8125,0.9155
465,466,football_(American),medium,c,0.36,56,28,28,17,0,28,11,1.0,0.6071,0.7556,0.8854
466,467,football_helmet,weak,r,0.33,8,4,4,2,1,3,2,0.6667,0.5,0.5714,0.625
467,468,footstool,medium,c,0.34,54,27,27,18,8,19,9,0.6923,0.6667,0.6792,0.687
468,469,fork,high,f,0.35,3722,1861,1861,1434,330,1531,427,0.8129,0.7706,0.7912,0.8041
469,470,forklift,medium,c,0.34,22,11,11,9,0,11,2,1.0,0.8182,0.9,0.9574
470,471,freight_car,medium,c,0.35,26,13,13,12,0,13,1,1.0,0.9231,0.96,0.9836
471,472,French_toast,medium,c,0.35,26,13,13,13,0,13,0,1.0,1.0,1.0,1.0
472,473,freshener,medium,c,0.35,64,32,32,18,4,28,14,0.8182,0.5625,0.6667,0.75
473,474,frisbee,high,f,0.38,3532,1766,1766,1335,68,1698,431,0.9515,0.7559,0.8425,0.9047
474,475,frog,medium,c,0.33,84,42,42,22,6,36,20,0.7857,0.5238,0.6286,0.7143
475,476,fruit_juice,medium,c,0.35,34,17,17,10,0,17,7,1.0,0.5882,0.7407,0.8772
476,477,frying_pan,high,f,0.36,256,128,128,105,19,109,23,0.8468,0.8203,0.8333,0.8413
477,478,fudge,weak,r,0.37,2,1,1,1,0,1,0,1.0,1.0,1.0,1.0
478,479,funnel,weak,r,0.35,18,9,9,5,2,7,4,0.7143,0.5556,0.625,0.6757
479,480,futon,weak,r,0.36,20,10,10,10,2,8,0,0.8333,1.0,0.9091,0.8621
480,481,gag,weak,r,0.34,8,4,4,4,3,1,0,0.5714,1.0,0.7273,0.625
481,482,garbage,weak,r,0.35,18,9,9,8,2,7,1,0.8,0.8889,0.8421,0.8163
482,483,garbage_truck,medium,c,0.38,36,18,18,14,0,18,4,1.0,0.7778,0.875,0.9459
483,484,garden_hose,medium,c,0.32,82,41,41,31,5,36,10,0.8611,0.7561,0.8052,0.8378
484,485,gargle,medium,c,0.36,56,28,28,23,3,25,5,0.8846,0.8214,0.8519,0.8712
485,486,gargoyle,weak,r,0.31,6,3,3,3,0,3,0,1.0,1.0,1.0,1.0
486,487,garlic,medium,c,0.36,130,65,65,43,11,54,22,0.7963,0.6615,0.7227,0.7651
487,488,gasmask,weak,r,0.35,18,9,9,5,0,9,4,1.0,0.5556,0.7143,0.8621
488,489,gazelle,medium,c,0.34,46,23,23,23,4,19,0,0.8519,1.0,0.92,0.8779
489,490,gelatin,medium,c,0.35,48,24,24,16,5,19,8,0.7619,0.6667,0.7111,0.7407
490,491,gemstone,weak,r,0.33,2,1,1,1,0,1,0,1.0,1.0,1.0,1.0
491,492,generator,weak,r,0.34,4,2,2,1,0,2,1,1.0,0.5,0.6667,0.8333
492,493,giant_panda,medium,c,0.35,118,59,59,35,0,59,24,1.0,0.5932,0.7447,0.8794
493,494,gift_wrap,medium,c,0.34,96,48,48,33,6,42,15,0.8462,0.6875,0.7586,0.8088
494,495,ginger,medium,c,0.34,34,17,17,11,4,13,6,0.7333,0.6471,0.6875,0.7143
495,496,giraffe,high,f,0.38,3754,1877,1877,1765,13,1864,112,0.9927,0.9403,0.9658,0.9818
496,497,cincture,medium,c,0.2,36,18,18,18,18,0,0,0.5,1.0,0.6667,0.5556
497,498,glass_(drink_container),high,f,0.33,3840,1920,1920,1232,777,1143,688,0.6132,0.6417,0.6271,0.6187
498,499,globe,medium,c,0.33,100,50,50,36,16,34,14,0.6923,0.72,0.7059,0.6977
499,500,glove,high,f,0.33,3780,1890,1890,1437,914,976,453,0.6112,0.7603,0.6777,0.6362
500,501,goat,medium,c,0.36,198,99,99,74,7,92,25,0.9136,0.7475,0.8222,0.8747
501,502,goggles,high,f,0.32,3060,1530,1530,1290,694,836,240,0.6502,0.8431,0.7342,0.6814
502,503,goldfish,weak,r,0.31,6,3,3,3,1,2,0,0.75,1.0,0.8571,0.7895
503,504,golf_club,medium,c,0.36,22,11,11,5,0,11,6,1.0,0.4545,0.625,0.8065
504,505,golfcart,medium,c,0.2,38,19,19,19,19,0,0,0.5,1.0,0.6667,0.5556
505,506,gondola_(boat),weak,r,0.36,6,3,3,3,0,3,0,1.0,1.0,1.0,1.0
506,507,goose,medium,c,0.36,126,63,63,46,1,62,17,0.9787,0.7302,0.8364,0.9163
507,508,gorilla,weak,r,0.32,10,5,5,3,0,5,2,1.0,0.6,0.75,0.8824
508,509,gourd,weak,r,0.35,12,6,6,5,0,6,1,1.0,0.8333,0.9091,0.9615
509,510,grape,high,f,0.34,466,233,233,102,15,218,131,0.8718,0.4378,0.5829,0.7275
510,511,grater,medium,c,0.33,108,54,54,46,42,12,8,0.5227,0.8519,0.6479,0.5665
511,512,gravestone,medium,c,0.33,72,36,36,24,3,33,12,0.8889,0.6667,0.7619,0.8333
512,513,gravy_boat,weak,r,0.35,20,10,10,8,1,9,2,0.8889,0.8,0.8421,0.8696
513,514,green_bean,high,f,0.34,248,124,124,75,14,110,49,0.8427,0.6048,0.7042,0.7812
514,515,green_onion,high,f,0.35,202,101,101,86,17,84,15,0.835,0.8515,0.8431,0.8382
515,516,griddle,weak,r,0.36,6,3,3,3,0,3,0,1.0,1.0,1.0,1.0
516,517,grill,high,f,0.3,726,363,363,313,273,90,50,0.5341,0.8623,0.6596,0.5781
517,518,grits,weak,r,0.37,6,3,3,3,0,3,0,1.0,1.0,1.0,1.0
518,519,grizzly,medium,c,0.38,60,30,30,30,0,30,0,1.0,1.0,1.0,1.0
519,520,grocery_bag,medium,c,0.32,36,18,18,10,2,16,8,0.8333,0.5556,0.6667,0.7576
520,521,guitar,high,f,0.33,398,199,199,122,22,177,77,0.8472,0.6131,0.7114,0.7871
521,522,gull,medium,c,0.34,194,97,97,80,6,91,17,0.9302,0.8247,0.8743,0.907
522,523,gun,medium,c,0.33,64,32,32,23,11,21,9,0.6765,0.7188,0.697,0.6845
523,524,hairbrush,high,f,0.33,242,121,121,89,18,103,32,0.8318,0.7355,0.7807,0.8106
524,525,hairnet,medium,c,0.31,32,16,16,14,11,5,2,0.56,0.875,0.6829,0.6034
525,526,hairpin,medium,c,0.2,24,12,12,12,12,0,0,0.5,1.0,0.6667,0.5556
526,527,halter_top,weak,r,0.32,4,2,2,1,0,2,1,1.0,0.5,0.6667,0.8333
527,528,ham,high,f,0.36,428,214,214,186,34,180,28,0.8455,0.8692,0.8571,0.8501
528,529,hamburger,medium,c,0.36,96,48,48,40,2,46,8,0.9524,0.8333,0.8889,0.9259
529,530,hammer,medium,c,0.35,52,26,26,13,5,21,13,0.7222,0.5,0.5909,0.6633
530,531,hammock,medium,c,0.36,26,13,13,6,0,13,7,1.0,0.4615,0.6316,0.8108
531,532,hamper,weak,r,0.34,8,4,4,4,0,4,0,1.0,1.0,1.0,1.0
532,533,hamster,medium,c,0.34,22,11,11,11,0,11,0,1.0,1.0,1.0,1.0
533,534,hair_dryer,high,f,0.32,246,123,123,113,31,92,10,0.7847,0.9187,0.8464,0.8083
534,535,hand_glass,weak,r,0.34,14,7,7,3,0,7,4,1.0,0.4286,0.6,0.7895
535,536,hand_towel,high,f,0.33,400,200,200,97,44,156,103,0.6879,0.485,0.5689,0.6348
536,537,handcart,medium,c,0.35,182,91,91,61,17,74,30,0.7821,0.6703,0.7219,0.7568
537,538,handcuff,weak,r,0.2,18,9,9,9,9,0,0,0.5,1.0,0.6667,0.5556
538,539,handkerchief,medium,c,0.33,144,72,72,49,35,37,23,0.5833,0.6806,0.6282,0.6005
539,540,handle,high,f,0.33,3772,1886,1886,1663,1547,339,223,0.5181,0.8818,0.6527,0.5646
540,541,handsaw,weak,r,0.36,8,4,4,3,1,3,1,0.75,0.75,0.75,0.75
541,542,hardback_book,weak,r,0.2,2,1,1,1,1,0,0,0.5,1.0,0.6667,0.5556
542,543,harmonium,weak,r,0.28,2,1,1,1,0,1,0,1.0,1.0,1.0,1.0
543,544,hat,high,f,0.33,3864,1932,1932,1266,922,1010,666,0.5786,0.6553,0.6146,0.5925
544,545,hatbox,weak,r,0.34,8,4,4,3,1,3,1,0.75,0.75,0.75,0.75
545,546,veil,medium,c,0.36,112,56,56,34,6,50,22,0.85,0.6071,0.7083,0.787
546,547,headband,high,f,0.3,1708,854,854,685,501,353,169,0.5776,0.8021,0.6716,0.6118
547,548,headboard,high,f,0.35,1510,755,755,622,64,691,133,0.9067,0.8238,0.8633,0.8888
548,549,headlight,high,f,0.32,3686,1843,1843,1483,1133,710,360,0.5669,0.8047,0.6652,0.6025
549,550,headscarf,medium,c,0.29,192,96,96,85,81,15,11,0.512,0.8854,0.6489,0.5592
550,551,headset,weak,r,0.35,14,7,7,3,0,7,4,1.0,0.4286,0.6,0.7895
551,552,headstall_(for_horses),medium,c,0.2,148,74,74,74,74,0,0,0.5,1.0,0.6667,0.5556
552,553,heart,medium,c,0.33,132,66,66,54,26,40,12,0.675,0.8182,0.7397,0.6995
553,554,heater,medium,c,0.35,114,57,57,46,28,29,11,0.6216,0.807,0.7023,0.6516
554,555,helicopter,medium,c,0.36,88,44,44,35,1,43,9,0.9722,0.7955,0.875,0.9309
555,556,helmet,high,f,0.34,3810,1905,1905,1415,546,1359,490,0.7216,0.7428,0.732,0.7257
556,557,heron,weak,r,0.32,8,4,4,4,0,4,0,1.0,1.0,1.0,1.0
557,558,highchair,medium,c,0.35,180,90,90,67,9,81,23,0.8816,0.7444,0.8072,0.8503
558,559,hinge,high,f,0.35,3270,1635,1635,986,538,1097,649,0.647,0.6031,0.6242,0.6377
559,560,hippopotamus,weak,r,0.32,16,8,8,7,0,8,1,1.0,0.875,0.9333,0.9722
560,561,hockey_stick,weak,r,0.37,10,5,5,4,0,5,1,1.0,0.8,0.8889,0.9524
561,562,hog,medium,c,0.34,100,50,50,28,15,35,22,0.6512,0.56,0.6022,0.6306
562,563,home_plate_(baseball),high,f,0.37,1090,545,545,516,18,527,29,0.9663,0.9468,0.9564,0.9623
563,564,honey,medium,c,0.36,40,20,20,15,1,19,5,0.9375,0.75,0.8333,0.8929
564,565,fume_hood,high,f,0.29,386,193,193,192,190,3,1,0.5026,0.9948,0.6678,0.5578
565,566,hook,high,f,0.33,570,285,285,271,259,26,14,0.5113,0.9509,0.665,0.5634
566,567,hookah,weak,r,0.34,6,3,3,3,0,3,0,1.0,1.0,1.0,1.0
567,568,hornet,weak,r,0.33,2,1,1,1,0,1,0,1.0,1.0,1.0,1.0
568,569,horse,high,f,0.35,3808,1904,1904,1567,85,1819,337,0.9485,0.823,0.8813,0.9205
569,570,hose,high,f,0.35,588,294,294,165,100,194,129,0.6226,0.5612,0.5903,0.6093
570,571,hot-air_balloon,weak,r,0.29,6,3,3,3,0,3,0,1.0,1.0,1.0,1.0
571,572,hotplate,weak,r,0.35,10,5,5,4,0,5,1,1.0,0.8,0.8889,0.9524
572,573,hot_sauce,medium,c,0.34,48,24,24,23,4,20,1,0.8519,0.9583,0.902,0.8712
573,574,hourglass,weak,r,0.34,4,2,2,1,0,2,1,1.0,0.5,0.6667,0.8333
574,575,houseboat,weak,r,0.32,4,2,2,2,0,2,0,1.0,1.0,1.0,1.0
575,576,hummingbird,medium,c,0.34,32,16,16,15,0,16,1,1.0,0.9375,0.9677,0.9868
576,577,hummus,weak,r,0.35,16,8,8,5,1,7,3,0.8333,0.625,0.7143,0.7812
577,578,polar_bear,high,f,0.38,308,154,154,144,2,152,10,0.9863,0.9351,0.96,0.9756
578,579,icecream,medium,c,0.36,132,66,66,51,5,61,15,0.9107,0.7727,0.8361,0.8793
579,580,popsicle,weak,r,0.2,2,1,1,1,1,0,0,0.5,1.0,0.6667,0.5556
580,581,ice_maker,medium,c,0.34,48,24,24,15,7,17,9,0.6818,0.625,0.6522,0.6696
581,582,ice_pack,weak,r,0.31,2,1,1,1,0,1,0,1.0,1.0,1.0,1.0
582,583,ice_skate,weak,r,0.39,8,4,4,2,0,4,2,1.0,0.5,0.6667,0.8333
583,584,igniter,medium,c,0.35,150,75,75,42,18,57,33,0.7,0.56,0.6222,0.6667
584,585,inhaler,weak,r,0.35,12,6,6,4,1,5,2,0.8,0.6667,0.7273,0.7692
585,586,iPod,high,f,0.37,252,126,126,95,12,114,31,0.8879,0.754,0.8155,0.8574
586,587,iron_(for_clothing),medium,c,0.35,48,24,24,11,5,19,13,0.6875,0.4583,0.55,0.625
587,588,ironing_board,medium,c,0.35,44,22,22,18,1,21,4,0.9474,0.8182,0.878,0.9184
588,589,jacket,high,f,0.32,3744,1872,1872,1317,731,1141,555,0.6431,0.7035,0.6719,0.6543
589,590,jam,medium,c,0.34,32,16,16,15,9,7,1,0.625,0.9375,0.75,0.6696
590,591,jar,high,f,0.36,846,423,423,228,54,369,195,0.8085,0.539,0.6468,0.735
591,592,jean,high,f,0.33,3854,1927,1927,1547,1254,673,380,0.5523,0.8028,0.6544,0.5891
592,593,jeep,medium,c,0.34,76,38,38,19,4,34,19,0.8261,0.5,0.623,0.7308
593,594,jelly_bean,weak,r,0.2,6,3,3,3,3,0,0,0.5,1.0,0.6667,0.5556
594,595,jersey,high,f,0.32,3890,1945,1945,1485,743,1202,460,0.6665,0.7635,0.7117,0.6839
595,596,jet_plane,medium,c,0.35,70,35,35,35,1,34,0,0.9722,1.0,0.9859,0.9777
596,597,jewel,weak,r,0.2,2,1,1,1,1,0,0,0.5,1.0,0.6667,0.5556
597,598,jewelry,medium,c,0.31,26,13,13,11,2,11,2,0.8462,0.8462,0.8462,0.8462
598,599,joystick,weak,r,0.36,18,9,9,8,0,9,1,1.0,0.8889,0.9412,0.9756
599,600,jumpsuit,medium,c,0.33,28,14,14,9,4,10,5,0.6923,0.6429,0.6667,0.6818
600,601,kayak,medium,c,0.36,74,37,37,31,2,35,6,0.9394,0.8378,0.8857,0.9172
601,602,keg,weak,r,0.33,6,3,3,3,0,3,0,1.0,1.0,1.0,1.0
602,603,kennel,weak,r,0.35,8,4,4,4,1,3,0,0.8,1.0,0.8889,0.8333
603,604,kettle,medium,c,0.35,200,100,100,67,15,85,33,0.8171,0.67,0.7363,0.7827
604,605,key,high,f,0.36,390,195,195,90,20,175,105,0.8182,0.4615,0.5902,0.7087
605,606,keycard,weak,r,0.3,2,1,1,1,0,1,0,1.0,1.0,1.0,1.0
606,607,kilt,medium,c,0.33,24,12,12,9,2,10,3,0.8182,0.75,0.7826,0.8036
607,608,kimono,medium,c,0.35,48,24,24,19,0,24,5,1.0,0.7917,0.8837,0.95
608,609,kitchen_sink,high,f,0.36,978,489,489,451,39,450,38,0.9204,0.9223,0.9213,0.9208
609,610,kitchen_table,weak,r,0.33,20,10,10,10,1,9,0,0.9091,1.0,0.9524,0.9259
610,611,kite,high,f,0.38,3378,1689,1689,1497,26,1663,192,0.9829,0.8863,0.9321,0.962
611,612,kitten,medium,c,0.35,84,42,42,41,1,41,1,0.9762,0.9762,0.9762,0.9762
612,613,kiwi_fruit,medium,c,0.32,162,81,81,51,8,73,30,0.8644,0.6296,0.7286,0.8044
613,614,knee_pad,high,f,0.36,1788,894,894,585,159,735,309,0.7863,0.6544,0.7143,0.7558
614,615,knife,high,f,0.32,3736,1868,1868,1442,871,997,426,0.6234,0.7719,0.6898,0.6484
615,616,knitting_needle,weak,r,0.33,14,7,7,6,0,7,1,1.0,0.8571,0.9231,0.9677
616,617,knob,high,f,0.34,3134,1567,1567,1251,941,626,316,0.5707,0.7983,0.6656,0.6052
617,618,knocker_(on_a_door),weak,r,0.34,20,10,10,7,1,9,3,0.875,0.7,0.7778,0.8333
618,619,koala,weak,r,0.33,16,8,8,6,0,8,2,1.0,0.75,0.8571,0.9375
619,620,lab_coat,weak,r,0.35,14,7,7,3,1,6,4,0.75,0.4286,0.5455,0.6522
620,621,ladder,high,f,0.32,1258,629,629,460,357,272,169,0.563,0.7313,0.6362,0.5902
621,622,ladle,medium,c,0.35,178,89,89,66,16,73,23,0.8049,0.7416,0.7719,0.7914
622,623,ladybug,medium,c,0.33,30,15,15,7,0,15,8,1.0,0.4667,0.6364,0.814
623,624,lamb_(animal),high,f,0.36,268,134,134,124,3,131,10,0.9764,0.9254,0.9502,0.9657
624,625,lamb-chop,weak,r,0.38,8,4,4,4,0,4,0,1.0,1.0,1.0,1.0
625,626,lamp,high,f,0.33,3604,1802,1802,1309,513,1289,493,0.7184,0.7264,0.7224,0.72
626,627,lamppost,high,f,0.34,1190,595,595,374,131,464,221,0.7406,0.6286,0.68,0.7151
627,628,lampshade,high,f,0.33,2420,1210,1210,1028,377,833,182,0.7317,0.8496,0.7862,0.7526
628,629,lantern,medium,c,0.33,96,48,48,21,6,42,27,0.7778,0.4375,0.56,0.6731
629,630,lanyard,high,f,0.35,836,418,418,266,168,250,152,0.6129,0.6364,0.6244,0.6175
630,631,laptop_computer,high,f,0.35,3692,1846,1846,1467,78,1768,379,0.9495,0.7947,0.8652,0.9139
631,632,lasagna,weak,r,0.35,10,5,5,5,0,5,0,1.0,1.0,1.0,1.0
632,633,latch,high,f,0.36,442,221,221,84,22,199,137,0.7925,0.3801,0.5138,0.6512
633,634,lawn_mower,weak,r,0.31,20,10,10,8,4,6,2,0.6667,0.8,0.7273,0.6897
634,635,leather,weak,r,0.35,14,7,7,3,0,7,4,1.0,0.4286,0.6,0.7895
635,636,legging_(clothing),medium,c,0.34,152,76,76,71,63,13,5,0.5299,0.9342,0.6762,0.5801
636,637,Lego,medium,c,0.34,44,22,22,15,1,21,7,0.9375,0.6818,0.7895,0.8721
637,638,legume,weak,r,0.34,20,10,10,8,4,6,2,0.6667,0.8,0.7273,0.6897
638,639,lemon,high,f,0.35,682,341,341,167,46,295,174,0.784,0.4897,0.6029,0.6999
639,640,lemonade,weak,r,0.34,2,1,1,1,0,1,0,1.0,1.0,1.0,1.0
640,641,lettuce,high,f,0.35,1410,705,705,579,65,640,126,0.8991,0.8213,0.8584,0.8824
641,642,license_plate,high,f,0.31,3800,1900,1900,1370,421,1479,530,0.7649,0.7211,0.7423,0.7557
642,643,life_buoy,high,f,0.33,376,188,188,141,93,95,47,0.6026,0.75,0.6682,0.6272
643,644,life_jacket,high,f,0.3,454,227,227,203,151,76,24,0.5734,0.8943,0.6988,0.6178
644,645,lightbulb,high,f,0.3,1722,861,861,618,338,523,243,0.6464,0.7178,0.6802,0.6596
645,646,lightning_rod,weak,r,0.27,12,6,6,6,5,1,0,0.5455,1.0,0.7059,0.6
646,647,lime,high,f,0.35,230,115,115,73,24,91,42,0.7526,0.6348,0.6887,0.7256
647,648,limousine,weak,r,0.32,10,5,5,4,0,5,1,1.0,0.8,0.8889,0.9524
648,649,lion,medium,c,0.33,86,43,43,22,5,38,21,0.8148,0.5116,0.6286,0.7285
649,650,lip_balm,medium,c,0.34,28,14,14,10,1,13,4,0.9091,0.7143,0.8,0.8621
650,651,liquor,weak,r,0.35,12,6,6,4,0,6,2,1.0,0.6667,0.8,0.9091
651,652,lizard,medium,c,0.31,30,15,15,8,3,12,7,0.7273,0.5333,0.6154,0.678
652,653,log,high,f,0.35,2334,1167,1167,612,295,872,555,0.6748,0.5244,0.5902,0.6382
653,654,lollipop,medium,c,0.32,30,15,15,12,5,10,3,0.7059,0.8,0.75,0.7229
654,655,speaker_(stero_equipment),high,f,0.34,1988,994,994,707,135,859,287,0.8397,0.7113,0.7702,0.8104
655,656,loveseat,medium,c,0.36,56,28,28,21,2,26,7,0.913,0.75,0.8235,0.875
656,657,machine_gun,weak,r,0.29,4,2,2,2,1,1,0,0.6667,1.0,0.8,0.7143
657,658,magazine,high,f,0.34,676,338,338,156,56,282,182,0.7358,0.4615,0.5673,0.6577
658,659,magnet,high,f,0.35,668,334,334,204,75,259,130,0.7312,0.6108,0.6656,0.7034
659,660,mail_slot,medium,c,0.33,30,15,15,9,4,11,6,0.6923,0.6,0.6429,0.6716
660,661,mailbox_(at_home),high,f,0.34,204,102,102,44,8,94,58,0.8462,0.4314,0.5714,0.7097
661,662,mallard,weak,r,0.34,2,1,1,1,0,1,0,1.0,1.0,1.0,1.0
662,663,mallet,weak,r,0.32,16,8,8,8,7,1,0,0.5333,1.0,0.6957,0.5882
663,664,mammoth,weak,r,0.2,2,1,1,1,1,0,0,0.5,1.0,0.6667,0.5556
664,665,manatee,weak,r,0.25,2,1,1,1,0,1,0,1.0,1.0,1.0,1.0
665,666,mandarin_orange,medium,c,0.36,56,28,28,20,1,27,8,0.9524,0.7143,0.8163,0.8929
666,667,manger,medium,c,0.34,182,91,91,85,73,18,6,0.538,0.9341,0.6827,0.5878
667,668,manhole,high,f,0.34,520,260,260,185,41,219,75,0.8186,0.7115,0.7613,0.7947
668,669,map,high,f,0.33,262,131,131,66,17,114,65,0.7952,0.5038,0.6168,0.7127
669,670,marker,high,f,0.34,256,128,128,93,69,59,35,0.5741,0.7266,0.6414,0.5992
670,671,martini,weak,r,0.36,6,3,3,3,0,3,0,1.0,1.0,1.0,1.0
671,672,mascot,weak,r,0.37,20,10,10,8,1,9,2,0.8889,0.8,0.8421,0.8696
672,673,mashed_potato,medium,c,0.34,78,39,39,38,4,35,1,0.9048,0.9744,0.9383,0.9179
673,674,masher,weak,r,0.2,4,2,2,2,2,0,0,0.5,1.0,0.6667,0.5556
674,675,mask,high,f,0.32,1850,925,925,674,320,605,251,0.6781,0.7286,0.7024,0.6876
675,676,mast,high,f,0.35,708,354,354,236,36,318,118,0.8676,0.6667,0.754,0.8183
676,677,mat_(gym_equipment),medium,c,0.35,62,31,31,21,7,24,10,0.75,0.6774,0.7119,0.7343
677,678,matchbox,weak,r,0.34,20,10,10,5,1,9,5,0.8333,0.5,0.625,0.7353
678,679,mattress,high,f,0.35,430,215,215,168,15,200,47,0.918,0.7814,0.8442,0.887
679,680,measuring_cup,medium,c,0.32,142,71,71,57,15,56,14,0.7917,0.8028,0.7972,0.7939
680,681,measuring_stick,medium,c,0.36,86,43,43,31,7,36,12,0.8158,0.7209,0.7654,0.7949
681,682,meatball,medium,c,0.38,56,28,28,23,1,27,5,0.9583,0.8214,0.8846,0.9274
682,683,medicine,medium,c,0.35,68,34,34,28,6,28,6,0.8235,0.8235,0.8235,0.8235
683,684,melon,medium,c,0.36,32,16,16,14,1,15,2,0.9333,0.875,0.9032,0.9211
684,685,microphone,high,f,0.34,546,273,273,176,55,218,97,0.7619,0.6447,0.6984,0.7352
685,686,microscope,weak,r,0.36,4,2,2,1,0,2,1,1.0,0.5,0.6667,0.8333
686,687,microwave_oven,high,f,0.34,1998,999,999,777,76,923,222,0.9109,0.7778,0.8391,0.8808
687,688,milestone,weak,r,0.32,8,4,4,4,1,3,0,0.8,1.0,0.8889,0.8333
688,689,milk,high,f,0.36,214,107,107,61,20,87,46,0.7531,0.5701,0.6489,0.7077
689,690,milk_can,weak,r,0.31,4,2,2,2,0,2,0,1.0,1.0,1.0,1.0
690,691,milkshake,weak,r,0.25,2,1,1,1,0,1,0,1.0,1.0,1.0,1.0
691,692,minivan,high,f,0.33,908,454,454,267,106,348,187,0.7158,0.5881,0.6457,0.686
692,693,mint_candy,weak,r,0.34,18,9,9,5,2,7,4,0.7143,0.5556,0.625,0.6757
693,694,mirror,high,f,0.36,3802,1901,1901,1014,285,1616,887,0.7806,0.5334,0.6338,0.7144
694,695,mitten,medium,c,0.34,122,61,61,55,47,14,6,0.5392,0.9016,0.6748,0.5864
695,696,mixer_(kitchen_tool),medium,c,0.34,182,91,91,64,21,70,27,0.7529,0.7033,0.7273,0.7425
696,697,money,medium,c,0.34,92,46,46,21,7,39,25,0.75,0.4565,0.5676,0.6646
697,698,monitor_(computer_equipment) computer_monitor,high,f,0.33,2804,1402,1402,1222,76,1326,180,0.9414,0.8716,0.9052,0.9266
698,699,monkey,medium,c,0.35,148,74,74,44,4,70,30,0.9167,0.5946,0.7213,0.8271
699,700,motor,high,f,0.35,842,421,421,193,55,366,228,0.7782,0.4584,0.577,0.6829
700,701,motor_scooter,high,f,0.35,452,226,226,147,17,209,79,0.8963,0.6504,0.7538,0.8333
701,702,motor_vehicle,weak,r,0.3,20,10,10,9,2,8,1,0.8182,0.9,0.8571,0.8333
702,703,motorcycle,high,f,0.35,3440,1720,1720,1431,45,1675,289,0.9695,0.832,0.8955,0.9385
703,704,mound_(baseball),high,f,0.38,522,261,261,259,7,254,2,0.9737,0.9923,0.9829,0.9774
704,705,mouse_(computer_equipment),high,f,0.37,2674,1337,1337,1112,50,1287,225,0.957,0.8317,0.89,0.929
705,706,mousepad,high,f,0.37,586,293,293,226,10,283,67,0.9576,0.7713,0.8544,0.9135
706,707,muffin,medium,c,0.35,124,62,62,55,12,50,7,0.8209,0.8871,0.8527,0.8333
707,708,mug,high,f,0.33,1628,814,814,544,216,598,270,0.7158,0.6683,0.6912,0.7058
708,709,mushroom,high,f,0.32,814,407,407,347,167,240,60,0.6751,0.8526,0.7535,0.7044
709,710,music_stool,weak,r,0.31,12,6,6,6,1,5,0,0.8571,1.0,0.9231,0.8824
710,711,musical_instrument,medium,c,0.35,32,16,16,7,2,14,9,0.7778,0.4375,0.56,0.6731
711,712,nailfile,weak,r,0.35,14,7,7,5,0,7,2,1.0,0.7143,0.8333,0.9259
712,713,napkin,high,f,0.35,3582,1791,1791,1237,258,1533,554,0.8274,0.6907,0.7529,0.7959
713,714,neckerchief,weak,r,0.33,4,2,2,2,0,2,0,1.0,1.0,1.0,1.0
714,715,necklace,high,f,0.3,3830,1915,1915,1434,1069,846,481,0.5729,0.7488,0.6492,0.6012
715,716,necktie,high,f,0.35,3880,1940,1940,1089,251,1689,851,0.8127,0.5613,0.664,0.7459
716,717,needle,medium,c,0.35,26,13,13,10,0,13,3,1.0,0.7692,0.8696,0.9434
717,718,nest,medium,c,0.37,32,16,16,15,0,16,1,1.0,0.9375,0.9677,0.9868
718,719,newspaper,high,f,0.34,896,448,448,251,94,354,197,0.7275,0.5603,0.633,0.6865
719,720,newsstand,medium,c,0.36,24,12,12,5,0,12,7,1.0,0.4167,0.5882,0.7812
720,721,nightshirt,medium,c,0.34,36,18,18,14,2,16,4,0.875,0.7778,0.8235,0.8537
721,722,nosebag_(for_animals),weak,r,0.33,8,4,4,4,3,1,0,0.5714,1.0,0.7273,0.625
722,723,noseband_(for_animals),medium,c,0.2,142,71,71,71,71,0,0,0.5,1.0,0.6667,0.5556
723,724,notebook,high,f,0.35,378,189,189,134,13,176,55,0.9116,0.709,0.7976,0.8623
724,725,notepad,medium,c,0.36,148,74,74,56,7,67,18,0.8889,0.7568,0.8175,0.8589
725,726,nut,high,f,0.34,206,103,103,84,59,44,19,0.5874,0.8155,0.6829,0.6222
726,727,nutcracker,weak,r,0.35,6,3,3,1,0,3,2,1.0,0.3333,0.5,0.7143
727,728,oar,high,f,0.2,220,110,110,110,110,0,0,0.5,1.0,0.6667,0.5556
728,729,octopus_(food),weak,r,0.33,10,5,5,5,0,5,0,1.0,1.0,1.0,1.0
729,730,octopus_(animal),weak,r,0.3,18,9,9,8,5,4,1,0.6154,0.8889,0.7273,0.6557
730,731,oil_lamp,medium,c,0.31,30,15,15,11,5,10,4,0.6875,0.7333,0.7097,0.6962
731,732,olive_oil,medium,c,0.33,50,25,25,22,3,22,3,0.88,0.88,0.88,0.88
732,733,omelet,weak,r,0.39,14,7,7,7,0,7,0,1.0,1.0,1.0,1.0
733,734,onion,high,f,0.35,1294,647,647,553,179,468,94,0.7555,0.8547,0.802,0.7734
734,735,orange_(fruit),high,f,0.36,1648,824,824,480,59,765,344,0.8905,0.5825,0.7043,0.8054
735,736,orange_juice,medium,c,0.34,200,100,100,63,8,92,37,0.8873,0.63,0.7368,0.8203
736,737,ostrich,medium,c,0.34,94,47,47,37,2,45,10,0.9487,0.7872,0.8605,0.9113
737,738,ottoman,high,f,0.35,242,121,121,55,34,87,66,0.618,0.4545,0.5238,0.5765
738,739,oven,high,f,0.36,1462,731,731,574,50,681,157,0.9199,0.7852,0.8472,0.8894
739,740,overalls_(clothing),medium,c,0.33,146,73,73,54,33,40,19,0.6207,0.7397,0.675,0.6413
740,741,owl,medium,c,0.35,98,49,49,22,1,48,27,0.9565,0.449,0.6111,0.7801
741,742,packet,medium,c,0.31,46,23,23,23,22,1,0,0.5111,1.0,0.6765,0.5665
742,743,inkpad,weak,r,0.34,8,4,4,3,0,4,1,1.0,0.75,0.8571,0.9375
743,744,pad,medium,c,0.36,124,62,62,40,20,42,22,0.6667,0.6452,0.6557,0.6623
744,745,paddle,high,f,0.36,236,118,118,109,8,110,9,0.9316,0.9237,0.9277,0.93
745,746,padlock,medium,c,0.31,198,99,99,60,33,66,39,0.6452,0.6061,0.625,0.6369
746,747,paintbrush,medium,c,0.35,80,40,40,20,5,35,20,0.8,0.5,0.6154,0.7143
747,748,painting,high,f,0.34,2072,1036,1036,609,208,828,427,0.7454,0.5878,0.6573,0.7075
748,749,pajamas,high,f,0.36,210,105,105,81,11,94,24,0.8804,0.7714,0.8223,0.8562
749,750,palette,medium,c,0.32,42,21,21,15,10,11,6,0.6,0.7143,0.6522,0.6198
750,751,pan_(for_cooking),high,f,0.37,458,229,229,187,20,209,42,0.9034,0.8166,0.8578,0.8846
751,752,pan_(metal_container),weak,r,0.36,14,7,7,3,1,6,4,0.75,0.4286,0.5455,0.6522
752,753,pancake,medium,c,0.38,144,72,72,59,4,68,13,0.9365,0.8194,0.8741,0.9105
753,754,pantyhose,weak,r,0.35,18,9,9,6,1,8,3,0.8571,0.6667,0.75,0.8108
754,755,papaya,weak,r,0.33,20,10,10,10,0,10,0,1.0,1.0,1.0,1.0
755,756,paper_plate,high,f,0.33,656,328,328,208,48,280,120,0.8125,0.6341,0.7123,0.7692
756,757,paper_towel,high,f,0.31,936,468,468,270,194,274,198,0.5819,0.5769,0.5794,0.5809
757,758,paperback_book,weak,r,0.29,2,1,1,1,0,1,0,1.0,1.0,1.0,1.0
758,759,paperweight,weak,r,0.36,4,2,2,1,0,2,1,1.0,0.5,0.6667,0.8333
759,760,parachute,medium,c,0.34,48,24,24,22,0,24,2,1.0,0.9167,0.9565,0.9821
760,761,parakeet,medium,c,0.36,22,11,11,10,0,11,1,1.0,0.9091,0.9524,0.9804
761,762,parasail_(sports),medium,c,0.37,144,72,72,65,1,71,7,0.9848,0.9028,0.942,0.9673
762,763,parasol,medium,c,0.36,34,17,17,9,0,17,8,1.0,0.5294,0.6923,0.8491
763,764,parchment,weak,r,0.34,20,10,10,4,0,10,6,1.0,0.4,0.5714,0.7692
764,765,parka,medium,c,0.33,34,17,17,17,14,3,0,0.5484,1.0,0.7083,0.6028
765,766,parking_meter,high,f,0.36,978,489,489,373,30,459,116,0.9256,0.7628,0.8363,0.8877
766,767,parrot,medium,c,0.37,94,47,47,35,1,46,12,0.9722,0.7447,0.8434,0.9162
767,768,passenger_car_(part_of_a_train),medium,c,0.35,186,93,93,84,10,83,9,0.8936,0.9032,0.8984,0.8955
768,769,passenger_ship,weak,r,0.25,2,1,1,1,0,1,0,1.0,1.0,1.0,1.0
769,770,passport,medium,c,0.33,24,12,12,11,3,9,1,0.7857,0.9167,0.8462,0.8088
770,771,pastry,high,f,0.36,456,228,228,218,24,204,10,0.9008,0.9561,0.9277,0.9114
771,772,patty_(food),weak,r,0.35,10,5,5,5,3,2,0,0.625,1.0,0.7692,0.6757
772,773,pea_(food),medium,c,0.34,152,76,76,66,42,34,10,0.6111,0.8684,0.7174,0.6496
773,774,peach,medium,c,0.36,142,71,71,39,8,63,32,0.8298,0.5493,0.661,0.7529
774,775,peanut_butter,medium,c,0.34,60,30,30,23,5,25,7,0.8214,0.7667,0.7931,0.8099
775,776,pear,high,f,0.35,218,109,109,73,6,103,36,0.9241,0.6697,0.7766,0.8588
776,777,peeler_(tool_for_fruit_and_vegetables),medium,c,0.34,28,14,14,14,11,3,0,0.56,1.0,0.7179,0.614
777,778,wooden_leg,weak,r,0.2,2,1,1,1,1,0,0,0.5,1.0,0.6667,0.5556
778,779,pegboard,weak,r,0.35,16,8,8,8,0,8,0,1.0,1.0,1.0,1.0
779,780,pelican,medium,c,0.34,52,26,26,23,3,23,3,0.8846,0.8846,0.8846,0.8846
780,781,pen,high,f,0.36,678,339,339,200,54,285,139,0.7874,0.59,0.6745,0.738
781,782,pencil,high,f,0.34,306,153,153,113,32,121,40,0.7793,0.7386,0.7584,0.7708
782,783,pencil_box,weak,r,0.31,4,2,2,2,0,2,0,1.0,1.0,1.0,1.0
783,784,pencil_sharpener,weak,r,0.35,6,3,3,2,0,3,1,1.0,0.6667,0.8,0.9091
784,785,pendulum,weak,r,0.35,16,8,8,5,1,7,3,0.8333,0.625,0.7143,0.7812
785,786,penguin,medium,c,0.33,94,47,47,33,13,34,14,0.7174,0.7021,0.7097,0.7143
786,787,pennant,weak,r,0.3,16,8,8,7,3,5,1,0.7,0.875,0.7778,0.7292
787,788,penny_(coin),weak,r,0.33,12,6,6,6,4,2,0,0.6,1.0,0.75,0.6522
788,789,pepper,high,f,0.35,232,116,116,75,26,90,41,0.7426,0.6466,0.6912,0.7212
789,790,pepper_mill,medium,c,0.32,138,69,69,60,34,35,9,0.6383,0.8696,0.7362,0.6742
790,791,perfume,medium,c,0.32,26,13,13,8,3,10,5,0.7273,0.6154,0.6667,0.7018
791,792,persimmon,weak,r,0.33,12,6,6,6,0,6,0,1.0,1.0,1.0,1.0
792,793,person,high,f,0.33,3856,1928,1928,1522,1361,567,406,0.5279,0.7894,0.6327,0.5654
793,794,pet,medium,c,0.37,158,79,79,67,9,70,12,0.8816,0.8481,0.8645,0.8747
794,795,pew_(church_bench),medium,c,0.37,28,14,14,11,0,14,3,1.0,0.7857,0.88,0.9483
795,796,phonebook,weak,r,0.3,14,7,7,7,1,6,0,0.875,1.0,0.9333,0.8974
796,797,phonograph_record,medium,c,0.35,40,20,20,17,1,19,3,0.9444,0.85,0.8947,0.9239
797,798,piano,high,f,0.32,228,114,114,95,22,92,19,0.812,0.8333,0.8225,0.8162
798,799,pickle,high,f,0.36,442,221,221,181,39,182,40,0.8227,0.819,0.8209,0.822
799,800,pickup_truck,high,f,0.32,1004,502,502,352,92,410,150,0.7928,0.7012,0.7442,0.7726
800,801,pie,medium,c,0.36,124,62,62,50,10,52,12,0.8333,0.8065,0.8197,0.8278
801,802,pigeon,medium,c,0.36,174,87,87,49,0,87,38,1.0,0.5632,0.7206,0.8657
802,803,piggy_bank,weak,r,0.3,8,4,4,4,1,3,0,0.8,1.0,0.8889,0.8333
803,804,pillow,high,f,0.35,3824,1912,1912,1365,165,1747,547,0.8922,0.7139,0.7931,0.8497
804,805,pin_(non_jewelry),weak,r,0.36,14,7,7,6,2,5,1,0.75,0.8571,0.8,0.7692
805,806,pineapple,high,f,0.33,372,186,186,114,26,160,72,0.8143,0.6129,0.6994,0.7641
806,807,pinecone,medium,c,0.32,36,18,18,14,6,12,4,0.7,0.7778,0.7368,0.7143
807,808,ping-pong_ball,weak,r,0.34,8,4,4,4,0,4,0,1.0,1.0,1.0,1.0
808,809,pinwheel,weak,r,0.37,6,3,3,1,0,3,2,1.0,0.3333,0.5,0.7143
809,810,tobacco_pipe,weak,r,0.29,14,7,7,7,3,4,0,0.7,1.0,0.8235,0.7447
810,811,pipe,high,f,0.35,2826,1413,1413,882,486,927,531,0.6447,0.6242,0.6343,0.6405
811,812,pistol,weak,r,0.33,14,7,7,4,1,6,3,0.8,0.5714,0.6667,0.7407
812,813,pita_(bread),medium,c,0.37,24,12,12,8,0,12,4,1.0,0.6667,0.8,0.9091
813,814,pitcher_(vessel_for_liquid),high,f,0.33,496,248,248,182,137,111,66,0.5705,0.7339,0.642,0.5971
814,815,pitchfork,weak,r,0.34,8,4,4,4,1,3,0,0.8,1.0,0.8889,0.8333
815,816,pizza,high,f,0.38,3762,1881,1881,1696,48,1833,185,0.9725,0.9016,0.9357,0.9574
816,817,place_mat,high,f,0.2,1058,529,529,529,529,0,0,0.5,1.0,0.6667,0.5556
817,818,plate,high,f,0.36,3864,1932,1932,1579,219,1713,353,0.8782,0.8173,0.8466,0.8653
818,819,platter,medium,c,0.35,100,50,50,40,8,42,10,0.8333,0.8,0.8163,0.8264
819,820,playpen,weak,r,0.36,6,3,3,2,0,3,1,1.0,0.6667,0.8,0.9091
820,821,pliers,medium,c,0.36,56,28,28,17,3,25,11,0.85,0.6071,0.7083,0.787
821,822,plow_(farm_equipment),weak,r,0.38,20,10,10,7,1,9,3,0.875,0.7,0.7778,0.8333
822,823,plume,weak,r,0.35,10,5,5,4,2,3,1,0.6667,0.8,0.7273,0.6897
823,824,pocket_watch,weak,r,0.29,10,5,5,5,0,5,0,1.0,1.0,1.0,1.0
824,825,pocketknife,medium,c,0.35,36,18,18,14,0,18,4,1.0,0.7778,0.875,0.9459
825,826,poker_(fire_stirring_tool),medium,c,0.33,28,14,14,13,6,8,1,0.6842,0.9286,0.7879,0.7222
826,827,pole,high,f,0.35,3780,1890,1890,1212,963,927,678,0.5572,0.6413,0.5963,0.5722
827,828,polo_shirt,high,f,0.31,1320,660,660,460,200,460,200,0.697,0.697,0.697,0.697
828,829,poncho,weak,r,0.35,16,8,8,5,0,8,3,1.0,0.625,0.7692,0.8929
829,830,pony,medium,c,0.35,50,25,25,21,1,24,4,0.9545,0.84,0.8936,0.9292
830,831,pool_table,weak,r,0.31,20,10,10,9,1,9,1,0.9,0.9,0.9,0.9
831,832,pop_(soda),high,f,0.35,436,218,218,143,56,162,75,0.7186,0.656,0.6859,0.7051
832,833,postbox_(public),medium,c,0.33,72,36,36,29,7,29,7,0.8056,0.8056,0.8056,0.8056
833,834,postcard,medium,c,0.31,32,16,16,12,4,12,4,0.75,0.75,0.75,0.75
834,835,poster,high,f,0.33,1616,808,808,525,282,526,283,0.6506,0.6498,0.6502,0.6504
835,836,pot,high,f,0.35,958,479,479,386,183,296,93,0.6784,0.8058,0.7366,0.7005
836,837,flowerpot,high,f,0.32,2808,1404,1404,953,513,891,451,0.6501,0.6788,0.6641,0.6556
837,838,potato,high,f,0.35,614,307,307,227,50,257,80,0.8195,0.7394,0.7774,0.8021
838,839,potholder,medium,c,0.33,114,57,57,51,37,20,6,0.5795,0.8947,0.7034,0.6235
839,840,pottery,medium,c,0.35,56,28,28,20,0,28,8,1.0,0.7143,0.8333,0.9259
840,841,pouch,medium,c,0.32,160,80,80,70,35,45,10,0.6667,0.875,0.7568,0.7
841,842,power_shovel,medium,c,0.36,22,11,11,6,0,11,5,1.0,0.5455,0.7059,0.8571
842,843,prawn,medium,c,0.35,184,92,92,69,7,85,23,0.9079,0.75,0.8214,0.8712
843,844,pretzel,medium,c,0.33,40,20,20,16,5,15,4,0.7619,0.8,0.7805,0.7692
844,845,printer,high,f,0.35,388,194,194,164,17,177,30,0.9061,0.8454,0.8747,0.8932
845,846,projectile_(weapon),medium,c,0.35,46,23,23,22,2,21,1,0.9167,0.9565,0.9362,0.9244
846,847,projector,medium,c,0.33,104,52,52,47,6,46,5,0.8868,0.9038,0.8952,0.8902
847,848,propeller,high,f,0.36,1346,673,673,582,35,638,91,0.9433,0.8648,0.9023,0.9265
848,849,prune,weak,r,0.36,4,2,2,1,0,2,1,1.0,0.5,0.6667,0.8333
849,850,pudding,weak,r,0.3,4,2,2,2,0,2,0,1.0,1.0,1.0,1.0
850,851,puffer_(fish),weak,r,0.2,2,1,1,1,1,0,0,0.5,1.0,0.6667,0.5556
851,852,puffin,weak,r,0.29,4,2,2,2,0,2,0,1.0,1.0,1.0,1.0
852,853,pug-dog,weak,r,0.31,16,8,8,8,0,8,0,1.0,1.0,1.0,1.0
853,854,pumpkin,medium,c,0.32,160,80,80,47,21,59,33,0.6912,0.5875,0.6351,0.6676
854,855,puncher,weak,r,0.37,6,3,3,1,0,3,2,1.0,0.3333,0.5,0.7143
855,856,puppet,weak,r,0.33,6,3,3,1,0,3,2,1.0,0.3333,0.5,0.7143
856,857,puppy,medium,c,0.34,30,15,15,14,1,14,1,0.9333,0.9333,0.9333,0.9333
857,858,quesadilla,weak,r,0.34,4,2,2,2,0,2,0,1.0,1.0,1.0,1.0
858,859,quiche,weak,r,0.33,20,10,10,10,1,9,0,0.9091,1.0,0.9524,0.9259
859,860,quilt,high,f,0.34,772,386,386,336,28,358,50,0.9231,0.8705,0.896,0.9121
860,861,rabbit,medium,c,0.34,130,65,65,44,14,51,21,0.7586,0.6769,0.7154,0.7407
861,862,race_car,weak,r,0.29,6,3,3,2,0,3,1,1.0,0.6667,0.8,0.9091
862,863,racket,medium,c,0.36,70,35,35,22,1,34,13,0.9565,0.6286,0.7586,0.8661
863,864,radar,weak,r,0.31,10,5,5,5,4,1,0,0.5556,1.0,0.7143,0.6098
864,865,radiator,high,f,0.33,360,180,180,147,35,145,33,0.8077,0.8167,0.8122,0.8095
865,866,radio_receiver,medium,c,0.34,198,99,99,52,18,81,47,0.7429,0.5253,0.6154,0.686
866,867,radish,medium,c,0.36,98,49,49,34,2,47,15,0.9444,0.6939,0.8,0.8808
867,868,raft,medium,c,0.36,56,28,28,24,1,27,4,0.96,0.8571,0.9057,0.9375
868,869,rag_doll,weak,r,0.3,2,1,1,1,0,1,0,1.0,1.0,1.0,1.0
869,870,raincoat,medium,c,0.35,104,52,52,29,6,46,23,0.8286,0.5577,0.6667,0.7552
870,871,ram_(animal),medium,c,0.37,72,36,36,23,3,33,13,0.8846,0.6389,0.7419,0.8214
871,872,raspberry,medium,c,0.36,140,70,70,39,3,67,31,0.9286,0.5571,0.6964,0.8193
872,873,rat,weak,r,0.37,12,6,6,3,0,6,3,1.0,0.5,0.6667,0.8333
873,874,razorblade,medium,c,0.3,58,29,29,29,27,2,0,0.5179,1.0,0.6824,0.5731
874,875,reamer_(juicer),medium,c,0.37,48,24,24,19,0,24,5,1.0,0.7917,0.8837,0.95
875,876,rearview_mirror,high,f,0.32,2230,1115,1115,784,291,824,331,0.7293,0.7031,0.716,0.7239
876,877,receipt,medium,c,0.31,122,61,61,46,14,47,15,0.7667,0.7541,0.7603,0.7641
877,878,recliner,medium,c,0.36,36,18,18,13,1,17,5,0.9286,0.7222,0.8125,0.8784
878,879,record_player,medium,c,0.35,36,18,18,14,0,18,4,1.0,0.7778,0.875,0.9459
879,880,reflector,high,f,0.32,1330,665,665,617,553,112,48,0.5274,0.9278,0.6725,0.5772
880,881,remote_control,high,f,0.35,2192,1096,1096,753,165,931,343,0.8203,0.687,0.7478,0.7896
881,882,rhinoceros,medium,c,0.35,58,29,29,22,1,28,7,0.9565,0.7586,0.8462,0.9091
882,883,rib_(food),weak,r,0.36,16,8,8,8,0,8,0,1.0,1.0,1.0,1.0
883,884,rifle,medium,c,0.34,28,14,14,8,1,13,6,0.8889,0.5714,0.6957,0.8
884,885,ring,high,f,0.33,3244,1622,1622,1181,953,669,441,0.5534,0.7281,0.6289,0.5813
885,886,river_boat,weak,r,0.26,4,2,2,2,0,2,0,1.0,1.0,1.0,1.0
886,887,road_map,weak,r,0.3,6,3,3,3,0,3,0,1.0,1.0,1.0,1.0
887,888,robe,medium,c,0.34,64,32,32,18,7,25,14,0.72,0.5625,0.6316,0.6818
888,889,rocking_chair,medium,c,0.35,110,55,55,35,2,53,20,0.9459,0.6364,0.7609,0.8621
889,890,rodent,weak,r,0.34,2,1,1,1,0,1,0,1.0,1.0,1.0,1.0
890,891,roller_skate,weak,r,0.34,20,10,10,9,1,9,1,0.9,0.9,0.9,0.9
891,892,Rollerblade,weak,r,0.34,20,10,10,9,0,10,1,1.0,0.9,0.9474,0.9783
892,893,rolling_pin,medium,c,0.32,94,47,47,44,39,8,3,0.5301,0.9362,0.6769,0.5805
893,894,root_beer,weak,r,0.35,6,3,3,3,0,3,0,1.0,1.0,1.0,1.0
894,895,router_(computer_equipment),medium,c,0.36,58,29,29,26,2,27,3,0.9286,0.8966,0.9123,0.922
895,896,rubber_band,high,f,0.32,684,342,342,285,223,119,57,0.561,0.8333,0.6706,0.6003
896,897,runner_(carpet),medium,c,0.34,50,25,25,18,10,15,7,0.6429,0.72,0.6792,0.6569
897,898,plastic_bag,high,f,0.32,2938,1469,1469,803,442,1027,666,0.645,0.5466,0.5917,0.6226
898,899,saddle_(on_an_animal),high,f,0.36,1042,521,521,405,28,493,116,0.9353,0.7774,0.8491,0.8988
899,900,saddle_blanket,high,f,0.34,694,347,347,273,59,288,74,0.8223,0.7867,0.8041,0.8149
900,901,saddlebag,medium,c,0.35,70,35,35,16,2,33,19,0.8889,0.4571,0.6038,0.7477
901,902,safety_pin,weak,r,0.34,14,7,7,4,0,7,3,1.0,0.5714,0.7273,0.8696
902,903,sail,high,f,0.35,414,207,207,182,6,201,25,0.9681,0.8792,0.9215,0.9489
903,904,salad,high,f,0.36,216,108,108,102,9,99,6,0.9189,0.9444,0.9315,0.9239
904,905,salad_plate,weak,r,0.31,4,2,2,2,0,2,0,1.0,1.0,1.0,1.0
905,906,salami,medium,c,0.35,68,34,34,29,2,32,5,0.9355,0.8529,0.8923,0.9177
906,907,salmon_(fish),medium,c,0.36,24,12,12,8,0,12,4,1.0,0.6667,0.8,0.9091
907,908,salmon_(food),weak,r,0.37,20,10,10,8,0,10,2,1.0,0.8,0.8889,0.9524
908,909,salsa,medium,c,0.34,26,13,13,10,0,13,3,1.0,0.7692,0.8696,0.9434
909,910,saltshaker,high,f,0.35,722,361,361,258,136,225,103,0.6548,0.7147,0.6834,0.666
910,911,sandal_(type_of_shoe),high,f,0.33,2046,1023,1023,625,379,644,398,0.6225,0.6109,0.6167,0.6202
911,912,sandwich,high,f,0.38,1564,782,782,695,41,741,87,0.9443,0.8887,0.9157,0.9326
912,913,satchel,weak,r,0.33,4,2,2,2,0,2,0,1.0,1.0,1.0,1.0
913,914,saucepan,weak,r,0.36,10,5,5,5,0,5,0,1.0,1.0,1.0,1.0
914,915,saucer,high,f,0.34,494,247,247,208,76,171,39,0.7324,0.8421,0.7834,0.752
915,916,sausage,high,f,0.36,442,221,221,194,24,197,27,0.8899,0.8778,0.8838,0.8875
916,917,sawhorse,weak,r,0.2,8,4,4,4,4,0,0,0.5,1.0,0.6667,0.5556
917,918,saxophone,weak,r,0.33,16,8,8,5,0,8,3,1.0,0.625,0.7692,0.8929
918,919,scale_(measuring_instrument),high,f,0.33,316,158,158,157,155,3,1,0.5032,0.9937,0.6681,0.5583
919,920,scarecrow,weak,r,0.33,6,3,3,2,0,3,1,1.0,0.6667,0.8,0.9091
920,921,scarf,high,f,0.32,1504,752,752,489,208,544,263,0.7016,0.6503,0.6749,0.6907
921,922,school_bus,medium,c,0.38,128,64,64,45,1,63,19,0.9783,0.7031,0.8182,0.9073
922,923,scissors,high,f,0.35,1414,707,707,520,102,605,187,0.836,0.7355,0.7825,0.8138
923,924,scoreboard,high,f,0.33,286,143,143,114,22,121,29,0.8382,0.7972,0.8172,0.8297
924,925,scraper,weak,r,0.2,2,1,1,1,1,0,0,0.5,1.0,0.6667,0.5556
925,926,screwdriver,medium,c,0.33,98,49,49,36,9,40,13,0.8,0.7347,0.766,0.786
926,927,scrubbing_brush,high,f,0.33,252,126,126,100,51,75,26,0.6623,0.7937,0.722,0.6849
927,928,sculpture,medium,c,0.34,152,76,76,51,6,70,25,0.8947,0.6711,0.7669,0.8388
928,929,seabird,medium,c,0.35,22,11,11,9,0,11,2,1.0,0.8182,0.9,0.9574
929,930,seahorse,medium,c,0.29,22,11,11,9,5,6,2,0.6429,0.8182,0.72,0.6716
930,931,seaplane,weak,r,0.34,8,4,4,4,0,4,0,1.0,1.0,1.0,1.0
931,932,seashell,medium,c,0.31,78,39,39,33,18,21,6,0.6471,0.8462,0.7333,0.679
932,933,sewing_machine,medium,c,0.35,22,11,11,7,0,11,4,1.0,0.6364,0.7778,0.8974
933,934,shaker,medium,c,0.32,26,13,13,12,10,3,1,0.5455,0.9231,0.6857,0.5941
934,935,shampoo,medium,c,0.37,182,91,91,48,2,89,43,0.96,0.5275,0.6809,0.8247
935,936,shark,medium,c,0.33,28,14,14,9,2,12,5,0.8182,0.6429,0.72,0.7759
936,937,sharpener,weak,r,0.35,10,5,5,4,0,5,1,1.0,0.8,0.8889,0.9524
937,938,Sharpie,weak,r,0.34,6,3,3,1,0,3,2,1.0,0.3333,0.5,0.7143
938,939,shaver_(electric),weak,r,0.34,20,10,10,7,2,8,3,0.7778,0.7,0.7368,0.7609
939,940,shaving_cream,medium,c,0.35,36,18,18,14,0,18,4,1.0,0.7778,0.875,0.9459
940,941,shawl,weak,r,0.33,18,9,9,2,0,9,7,1.0,0.2222,0.3636,0.5882
941,942,shears,weak,r,0.2,12,6,6,6,6,0,0,0.5,1.0,0.6667,0.5556
942,943,sheep,high,f,0.37,1902,951,951,841,16,935,110,0.9813,0.8843,0.9303,0.9603
943,944,shepherd_dog,weak,r,0.3,4,2,2,2,0,2,0,1.0,1.0,1.0,1.0
944,945,sherbert,weak,r,0.34,2,1,1,1,0,1,0,1.0,1.0,1.0,1.0
945,946,shield,medium,c,0.36,38,19,19,6,0,19,13,1.0,0.3158,0.48,0.6977
946,947,shirt,high,f,0.32,3884,1942,1942,1131,646,1296,811,0.6365,0.5824,0.6082,0.6249
947,948,shoe,high,f,0.34,3832,1916,1916,1033,358,1558,883,0.7426,0.5391,0.6247,0.6905
948,949,shopping_bag,high,f,0.33,278,139,139,79,13,126,60,0.8587,0.5683,0.684,0.7791
949,950,shopping_cart,medium,c,0.34,86,43,43,28,3,40,15,0.9032,0.6512,0.7568,0.8383
950,951,short_pants,high,f,0.34,3938,1969,1969,1252,780,1189,717,0.6161,0.6359,0.6258,0.62
951,952,shot_glass,weak,r,0.35,10,5,5,4,0,5,1,1.0,0.8,0.8889,0.9524
952,953,shoulder_bag,high,f,0.33,268,134,134,70,33,101,64,0.6796,0.5224,0.5907,0.641
953,954,shovel,medium,c,0.35,148,74,74,37,12,62,37,0.7551,0.5,0.6016,0.6852
954,955,shower_head,high,f,0.35,762,381,381,335,27,354,46,0.9254,0.8793,0.9017,0.9158
955,956,shower_cap,weak,r,0.33,2,1,1,1,0,1,0,1.0,1.0,1.0,1.0
956,957,shower_curtain,high,f,0.34,762,381,381,354,25,356,27,0.934,0.9291,0.9316,0.9331
957,958,shredder_(for_paper),weak,r,0.35,12,6,6,4,0,6,2,1.0,0.6667,0.8,0.9091
958,959,signboard,high,f,0.31,3652,1826,1826,1152,419,1407,674,0.7333,0.6309,0.6782,0.7102
959,960,silo,medium,c,0.35,56,28,28,24,5,23,4,0.8276,0.8571,0.8421,0.8333
960,961,sink,high,f,0.38,3270,1635,1635,1410,87,1548,225,0.9419,0.8624,0.9004,0.9248
961,962,skateboard,high,f,0.37,3934,1967,1967,1703,59,1908,264,0.9665,0.8658,0.9134,0.9445
962,963,skewer,medium,c,0.37,32,16,16,14,0,16,2,1.0,0.875,0.9333,0.9722
963,964,ski,high,f,0.37,3852,1926,1926,1837,49,1877,89,0.974,0.9538,0.9638,0.9699
964,965,ski_boot,high,f,0.37,3578,1789,1789,1679,55,1734,110,0.9683,0.9385,0.9532,0.9622
965,966,ski_parka,high,f,0.37,802,401,401,390,17,384,11,0.9582,0.9726,0.9653,0.9611
966,967,ski_pole,high,f,0.37,3936,1968,1968,1870,71,1897,98,0.9634,0.9502,0.9568,0.9607
967,968,skirt,high,f,0.33,2334,1167,1167,747,337,830,420,0.6891,0.6401,0.6637,0.6787
968,969,skullcap,weak,r,0.28,2,1,1,1,0,1,0,1.0,1.0,1.0,1.0
969,970,sled,medium,c,0.38,112,56,56,46,1,55,10,0.9787,0.8214,0.8932,0.9426
970,971,sleeping_bag,medium,c,0.34,34,17,17,12,1,16,5,0.9231,0.7059,0.8,0.8696
971,972,sling_(bandage),weak,r,0.36,2,1,1,1,0,1,0,1.0,1.0,1.0,1.0
972,973,slipper_(footwear),medium,c,0.34,116,58,58,37,6,52,21,0.8605,0.6379,0.7327,0.8043
973,974,smoothie,weak,r,0.34,18,9,9,8,0,9,1,1.0,0.8889,0.9412,0.9756
974,975,snake,weak,r,0.36,16,8,8,3,0,8,5,1.0,0.375,0.5455,0.75
975,976,snowboard,high,f,0.37,2248,1124,1124,1051,28,1096,73,0.9741,0.9351,0.9542,0.966
976,977,snowman,medium,c,0.34,62,31,31,19,1,30,12,0.95,0.6129,0.7451,0.8559
977,978,snowmobile,medium,c,0.35,32,16,16,14,0,16,2,1.0,0.875,0.9333,0.9722
978,979,soap,high,f,0.34,982,491,491,431,116,375,60,0.7879,0.8778,0.8304,0.8044
979,980,soccer_ball,high,f,0.36,864,432,432,379,20,412,53,0.9499,0.8773,0.9122,0.9344
980,981,sock,high,f,0.33,3890,1945,1945,1546,897,1048,399,0.6328,0.7949,0.7046,0.6597
981,982,sofa,high,f,0.36,3798,1899,1899,1477,153,1746,422,0.9061,0.7778,0.8371,0.8772
982,983,softball,weak,r,0.35,10,5,5,5,0,5,0,1.0,1.0,1.0,1.0
983,984,solar_array,medium,c,0.32,56,28,28,17,6,22,11,0.7391,0.6071,0.6667,0.7083
984,985,sombrero,weak,r,0.35,14,7,7,6,1,6,1,0.8571,0.8571,0.8571,0.8571
985,986,soup,high,f,0.39,292,146,146,99,4,142,47,0.9612,0.6781,0.7952,0.8871
986,987,soup_bowl,weak,r,0.2,2,1,1,1,1,0,0,0.5,1.0,0.6667,0.5556
987,988,soupspoon,medium,c,0.36,50,25,25,19,5,20,6,0.7917,0.76,0.7755,0.7851
988,989,sour_cream,medium,c,0.33,44,22,22,19,10,12,3,0.6552,0.8636,0.7451,0.6884
989,990,soya_milk,weak,r,0.31,2,1,1,1,0,1,0,1.0,1.0,1.0,1.0
990,991,space_shuttle,weak,r,0.33,20,10,10,9,0,10,1,1.0,0.9,0.9474,0.9783
991,992,sparkler_(fireworks),weak,r,0.35,18,9,9,9,0,9,0,1.0,1.0,1.0,1.0
992,993,spatula,high,f,0.35,616,308,308,242,91,217,66,0.7267,0.7857,0.7551,0.7378
993,994,spear,weak,r,0.35,8,4,4,1,0,4,3,1.0,0.25,0.4,0.625
994,995,spectacles,high,f,0.33,3938,1969,1969,1311,867,1102,658,0.6019,0.6658,0.6323,0.6137
995,996,spice_rack,medium,c,0.34,90,45,45,40,1,44,5,0.9756,0.8889,0.9302,0.9569
996,997,spider,medium,c,0.33,24,12,12,7,0,12,5,1.0,0.5833,0.7368,0.875
997,998,crawfish,weak,r,0.32,2,1,1,1,0,1,0,1.0,1.0,1.0,1.0
998,999,sponge,medium,c,0.34,170,85,85,60,21,64,25,0.7407,0.7059,0.7229,0.7335
999,1000,spoon,high,f,0.35,2254,1127,1127,679,232,895,448,0.7453,0.6025,0.6663,0.7116
1000,1001,sportswear,medium,c,0.34,22,11,11,6,1,10,5,0.8571,0.5455,0.6667,0.7692
1001,1002,spotlight,medium,c,0.35,120,60,60,36,22,38,24,0.6207,0.6,0.6102,0.6164
1002,1003,squid_(food),weak,r,0.36,2,1,1,1,0,1,0,1.0,1.0,1.0,1.0
1003,1004,squirrel,medium,c,0.34,32,16,16,11,0,16,5,1.0,0.6875,0.8148,0.9167
1004,1005,stagecoach,weak,r,0.32,2,1,1,1,0,1,0,1.0,1.0,1.0,1.0
1005,1006,stapler_(stapling_machine),medium,c,0.36,130,65,65,44,6,59,21,0.88,0.6769,0.7652,0.8302
1006,1007,starfish,medium,c,0.3,26,13,13,10,5,8,3,0.6667,0.7692,0.7143,0.6849
1007,1008,statue_(sculpture),high,f,0.34,1310,655,655,385,106,549,270,0.7841,0.5878,0.6719,0.735
1008,1009,steak_(food),medium,c,0.39,102,51,51,40,1,50,11,0.9756,0.7843,0.8696,0.9302
1009,1010,steak_knife,weak,r,0.29,2,1,1,1,0,1,0,1.0,1.0,1.0,1.0
1010,1011,steering_wheel,high,f,0.31,1346,673,673,528,209,464,145,0.7164,0.7845,0.7489,0.7291
1011,1012,stepladder,weak,r,0.36,10,5,5,2,0,5,3,1.0,0.4,0.5714,0.7692
1012,1013,step_stool,medium,c,0.32,72,36,36,22,11,25,14,0.6667,0.6111,0.6377,0.6548
1013,1014,stereo_(sound_system),medium,c,0.36,108,54,54,42,6,48,12,0.875,0.7778,0.8235,0.8537
1014,1015,stew,weak,r,0.32,10,5,5,5,0,5,0,1.0,1.0,1.0,1.0
1015,1016,stirrer,weak,r,0.32,16,8,8,8,7,1,0,0.5333,1.0,0.6957,0.5882
1016,1017,stirrup,high,f,0.32,610,305,305,305,303,2,0,0.5016,1.0,0.6681,0.5572
1017,1018,stool,high,f,0.33,594,297,297,223,154,143,74,0.5915,0.7508,0.6617,0.6177
1018,1019,stop_sign,high,f,0.36,2106,1053,1053,860,50,1003,193,0.9451,0.8167,0.8762,0.9163
1019,1020,brake_light,high,f,0.32,446,223,223,157,38,185,66,0.8051,0.704,0.7512,0.7827
1020,1021,stove,high,f,0.37,2074,1037,1037,814,52,985,223,0.94,0.785,0.8555,0.9042
1021,1022,strainer,medium,c,0.35,126,63,63,29,13,50,34,0.6905,0.4603,0.5524,0.6277
1022,1023,strap,high,f,0.34,3762,1881,1881,1123,860,1021,758,0.5663,0.597,0.5813,0.5722
1023,1024,straw_(for_drinking),high,f,0.35,1014,507,507,300,100,407,207,0.75,0.5917,0.6615,0.7119
1024,1025,strawberry,high,f,0.34,666,333,333,235,48,285,98,0.8304,0.7057,0.763,0.802
1025,1026,street_sign,high,f,0.33,3822,1911,1911,1440,137,1774,471,0.9131,0.7535,0.8257,0.876
1026,1027,streetlight,high,f,0.33,3530,1765,1765,1107,314,1451,658,0.779,0.6272,0.6949,0.7431
1027,1028,string_cheese,weak,r,0.3,2,1,1,1,0,1,0,1.0,1.0,1.0,1.0
1028,1029,stylus,weak,r,0.36,10,5,5,4,2,3,1,0.6667,0.8,0.7273,0.6897
1029,1030,subwoofer,weak,r,0.34,2,1,1,1,0,1,0,1.0,1.0,1.0,1.0
1030,1031,sugar_bowl,weak,r,0.32,18,9,9,9,0,9,0,1.0,1.0,1.0,1.0
1031,1032,sugarcane_(plant),weak,r,0.38,4,2,2,1,0,2,1,1.0,0.5,0.6667,0.8333
1032,1033,suit_(clothing),high,f,0.34,302,151,151,109,34,117,42,0.7622,0.7219,0.7415,0.7538
1033,1034,sunflower,medium,c,0.33,164,82,82,45,4,78,37,0.9184,0.5488,0.687,0.8094
1034,1035,sunglasses,high,f,0.3,3862,1931,1931,1312,887,1044,619,0.5966,0.6794,0.6354,0.6115
1035,1036,sunhat,medium,c,0.33,82,41,41,35,23,18,6,0.6034,0.8537,0.7071,0.641
1036,1037,surfboard,high,f,0.36,3790,1895,1895,1649,60,1835,246,0.9649,0.8702,0.9151,0.9443
1037,1038,sushi,medium,c,0.36,48,24,24,20,0,24,4,1.0,0.8333,0.9091,0.9615
1038,1039,mop,medium,c,0.36,44,22,22,11,0,22,11,1.0,0.5,0.6667,0.8333
1039,1040,sweat_pants,medium,c,0.33,70,35,35,24,9,26,11,0.7273,0.6857,0.7059,0.7186
1040,1041,sweatband,medium,c,0.32,138,69,69,65,45,24,4,0.5909,0.942,0.7263,0.6385
1041,1042,sweater,high,f,0.33,1924,962,962,650,308,654,312,0.6785,0.6757,0.6771,0.6779
1042,1043,sweatshirt,high,f,0.32,1176,588,588,368,134,454,220,0.7331,0.6259,0.6752,0.7088
1043,1044,sweet_potato,medium,c,0.34,42,21,21,18,4,17,3,0.8182,0.8571,0.8372,0.8257
1044,1045,swimsuit,high,f,0.34,1650,825,825,639,99,726,186,0.8659,0.7745,0.8177,0.8459
1045,1046,sword,medium,c,0.3,104,52,52,42,28,24,10,0.6,0.8077,0.6885,0.6325
1046,1047,syringe,weak,r,0.31,10,5,5,5,4,1,0,0.5556,1.0,0.7143,0.6098
1047,1048,Tabasco_sauce,weak,r,0.34,10,5,5,4,0,5,1,1.0,0.8,0.8889,0.9524
1048,1049,table-tennis_table,weak,r,0.35,10,5,5,4,0,5,1,1.0,0.8,0.8889,0.9524
1049,1050,table,high,f,0.34,3720,1860,1860,1362,479,1381,498,0.7398,0.7323,0.736,0.7383
1050,1051,table_lamp,medium,c,0.33,112,56,56,44,1,55,12,0.9778,0.7857,0.8713,0.9322
1051,1052,tablecloth,high,f,0.33,3164,1582,1582,1061,378,1204,521,0.7373,0.6707,0.7024,0.7229
1052,1053,tachometer,weak,r,0.31,14,7,7,7,2,5,0,0.7778,1.0,0.875,0.814
1053,1054,taco,weak,r,0.31,4,2,2,2,0,2,0,1.0,1.0,1.0,1.0
1054,1055,tag,high,f,0.33,3124,1562,1562,1443,1346,216,119,0.5174,0.9238,0.6633,0.5673
1055,1056,taillight,high,f,0.35,3770,1885,1885,1083,286,1599,802,0.7911,0.5745,0.6656,0.7356
1056,1057,tambourine,weak,r,0.31,2,1,1,1,0,1,0,1.0,1.0,1.0,1.0
1057,1058,army_tank,weak,r,0.34,10,5,5,2,0,5,3,1.0,0.4,0.5714,0.7692
1058,1059,tank_(storage_vessel),high,f,0.35,274,137,137,67,24,113,70,0.7363,0.4891,0.5877,0.6687
1059,1060,tank_top_(clothing),high,f,0.33,2188,1094,1094,779,520,574,315,0.5997,0.7121,0.6511,0.6192
1060,1061,tape_(sticky_cloth_or_paper),high,f,0.35,268,134,134,88,29,105,46,0.7521,0.6567,0.7012,0.7309
1061,1062,tape_measure,medium,c,0.34,58,29,29,20,5,24,9,0.8,0.6897,0.7407,0.7752
1062,1063,tapestry,medium,c,0.34,44,22,22,13,2,20,9,0.8667,0.5909,0.7027,0.7927
1063,1064,tarp,high,f,0.33,1044,522,522,311,221,301,211,0.5846,0.5958,0.5901,0.5868
1064,1065,tartan,medium,c,0.34,100,50,50,27,11,39,23,0.7105,0.54,0.6136,0.6683
1065,1066,tassel,medium,c,0.31,136,68,68,58,40,28,10,0.5918,0.8529,0.6988,0.6304
1066,1067,tea_bag,medium,c,0.32,32,16,16,13,3,13,3,0.8125,0.8125,0.8125,0.8125
1067,1068,teacup,medium,c,0.34,80,40,40,27,8,32,13,0.7714,0.675,0.72,0.75
1068,1069,teakettle,medium,c,0.34,70,35,35,33,28,7,2,0.541,0.9429,0.6875,0.5914
1069,1070,teapot,high,f,0.33,270,135,135,92,26,109,43,0.7797,0.6815,0.7273,0.7578
1070,1071,teddy_bear,high,f,0.36,2826,1413,1413,1080,34,1379,333,0.9695,0.7643,0.8548,0.9201
1071,1072,telephone,high,f,0.35,1544,772,772,443,155,617,329,0.7408,0.5738,0.6467,0.7001
1072,1073,telephone_booth,medium,c,0.32,100,50,50,38,13,37,12,0.7451,0.76,0.7525,0.748
1073,1074,telephone_pole,high,f,0.34,2030,1015,1015,592,167,848,423,0.78,0.5833,0.6674,0.7307
1074,1075,telephoto_lens,weak,r,0.2,2,1,1,1,1,0,0,0.5,1.0,0.6667,0.5556
1075,1076,television_camera,medium,c,0.29,130,65,65,59,41,24,6,0.59,0.9077,0.7152,0.6344
1076,1077,television_set,high,f,0.36,3800,1900,1900,1304,119,1781,596,0.9164,0.6863,0.7848,0.8588
1077,1078,tennis_ball,high,f,0.37,2604,1302,1302,1163,22,1280,139,0.9814,0.8932,0.9353,0.9624
1078,1079,tennis_racket,high,f,0.36,3954,1977,1977,1786,28,1949,191,0.9846,0.9034,0.9422,0.9672
1079,1080,tequila,weak,r,0.31,4,2,2,2,0,2,0,1.0,1.0,1.0,1.0
1080,1081,thermometer,medium,c,0.3,58,29,29,29,19,10,0,0.6042,1.0,0.7532,0.6561
1081,1082,thermos_bottle,medium,c,0.31,72,36,36,20,10,26,16,0.6667,0.5556,0.6061,0.641
1082,1083,thermostat,high,f,0.31,276,138,138,100,31,107,38,0.7634,0.7246,0.7435,0.7553
1083,1084,thimble,weak,r,0.34,8,4,4,4,0,4,0,1.0,1.0,1.0,1.0
1084,1085,thread,medium,c,0.37,134,67,67,39,2,65,28,0.9512,0.5821,0.7222,0.8442
1085,1086,thumbtack,medium,c,0.35,52,26,26,22,4,22,4,0.8462,0.8462,0.8462,0.8462
1086,1087,tiara,medium,c,0.33,50,25,25,22,1,24,3,0.9565,0.88,0.9167,0.9402
1087,1088,tiger,medium,c,0.32,66,33,33,22,11,22,11,0.6667,0.6667,0.6667,0.6667
1088,1089,tights_(clothing),medium,c,0.35,74,37,37,23,8,29,14,0.7419,0.6216,0.6765,0.7143
1089,1090,timer,medium,c,0.2,100,50,50,50,50,0,0,0.5,1.0,0.6667,0.5556
1090,1091,tinfoil,high,f,0.34,540,270,270,189,133,137,81,0.587,0.7,0.6385,0.6065
1091,1092,tinsel,medium,c,0.37,24,12,12,9,0,12,3,1.0,0.75,0.8571,0.9375
1092,1093,tissue_paper,high,f,0.3,632,316,316,249,165,151,67,0.6014,0.788,0.6822,0.6313
1093,1094,toast_(food),medium,c,0.36,82,41,41,34,7,34,7,0.8293,0.8293,0.8293,0.8293
1094,1095,toaster,high,f,0.35,448,224,224,166,49,175,58,0.7721,0.7411,0.7563,0.7657
1095,1096,toaster_oven,high,f,0.34,210,105,105,77,8,97,28,0.9059,0.7333,0.8105,0.8652
1096,1097,toilet,high,f,0.37,3850,1925,1925,1799,67,1858,126,0.9641,0.9345,0.9491,0.958
1097,1098,toilet_tissue,high,f,0.36,2042,1021,1021,942,35,986,79,0.9642,0.9226,0.9429,0.9556
1098,1099,tomato,high,f,0.33,2426,1213,1213,939,217,996,274,0.8123,0.7741,0.7927,0.8044
1099,1100,tongs,high,f,0.34,344,172,172,153,138,34,19,0.5258,0.8895,0.6609,0.5726
1100,1101,toolbox,medium,c,0.34,56,28,28,25,6,22,3,0.8065,0.8929,0.8475,0.8224
1101,1102,toothbrush,high,f,0.36,1490,745,745,516,52,693,229,0.9085,0.6926,0.786,0.8552
1102,1103,toothpaste,high,f,0.33,374,187,187,164,24,163,23,0.8723,0.877,0.8747,0.8733
1103,1104,toothpick,high,f,0.33,294,147,147,104,63,84,43,0.6228,0.7075,0.6624,0.638
1104,1105,cover,high,f,0.32,272,136,136,119,112,24,17,0.5152,0.875,0.6485,0.5613
1105,1106,tortilla,medium,c,0.37,68,34,34,27,0,34,7,1.0,0.7941,0.8852,0.9507
1106,1107,tow_truck,medium,c,0.37,82,41,41,34,1,40,7,0.9714,0.8293,0.8947,0.9392
1107,1108,towel,high,f,0.34,1272,636,636,466,219,417,170,0.6803,0.7327,0.7055,0.6902
1108,1109,towel_rack,high,f,0.36,1140,570,570,486,53,517,84,0.9017,0.8526,0.8765,0.8914
1109,1110,toy,high,f,0.36,2298,1149,1149,898,200,949,251,0.8179,0.7815,0.7993,0.8103
1110,1111,tractor_(farm_equipment),medium,c,0.33,122,61,61,39,5,56,22,0.8864,0.6393,0.7429,0.8228
1111,1112,traffic_light,high,f,0.35,3780,1890,1890,1454,147,1743,436,0.9082,0.7693,0.833,0.8765
1112,1113,dirt_bike,medium,c,0.34,36,18,18,18,2,16,0,0.9,1.0,0.9474,0.9184
1113,1114,trailer_truck,high,f,0.36,286,143,143,95,4,139,48,0.9596,0.6643,0.7851,0.8813
1114,1115,train_(railroad_vehicle),high,f,0.36,3034,1517,1517,1397,41,1476,120,0.9715,0.9209,0.9455,0.9609
1115,1116,trampoline,weak,r,0.32,14,7,7,6,2,5,1,0.75,0.8571,0.8,0.7692
1116,1117,tray,high,f,0.36,1886,943,943,693,202,741,250,0.7743,0.7349,0.7541,0.7661
1117,1118,trench_coat,weak,r,0.32,12,6,6,3,0,6,3,1.0,0.5,0.6667,0.8333
1118,1119,triangle_(musical_instrument),weak,r,0.31,2,1,1,1,0,1,0,1.0,1.0,1.0,1.0
1119,1120,tricycle,medium,c,0.34,22,11,11,10,0,11,1,1.0,0.9091,0.9524,0.9804
1120,1121,tripod,high,f,0.34,202,101,101,78,43,58,23,0.6446,0.7723,0.7027,0.6667
1121,1122,trousers,high,f,0.33,3818,1909,1909,1200,803,1106,709,0.5991,0.6286,0.6135,0.6048
1122,1123,truck,high,f,0.35,1600,800,800,460,67,733,340,0.8729,0.575,0.6933,0.7909
1123,1124,truffle_(chocolate),weak,r,0.28,2,1,1,1,0,1,0,1.0,1.0,1.0,1.0
1124,1125,trunk,medium,c,0.36,88,44,44,20,2,42,24,0.9091,0.4545,0.6061,0.7576
1125,1126,vat,weak,r,0.36,6,3,3,3,0,3,0,1.0,1.0,1.0,1.0
1126,1127,turban,medium,c,0.31,88,44,44,38,22,22,6,0.6333,0.8636,0.7308,0.669
1127,1128,turkey_(food),medium,c,0.36,62,31,31,18,2,29,13,0.9,0.5806,0.7059,0.8108
1128,1129,turnip,weak,r,0.32,14,7,7,7,4,3,0,0.6364,1.0,0.7778,0.6863
1129,1130,turtle,medium,c,0.31,40,20,20,17,10,10,3,0.6296,0.85,0.7234,0.6641
1130,1131,turtleneck_(clothing),medium,c,0.32,22,11,11,10,7,4,1,0.5882,0.9091,0.7143,0.6329
1131,1132,typewriter,medium,c,0.32,26,13,13,12,1,12,1,0.9231,0.9231,0.9231,0.9231
1132,1133,umbrella,high,f,0.36,3848,1924,1924,1133,120,1804,791,0.9042,0.5889,0.7133,0.8168
1133,1134,underwear,high,f,0.35,226,113,113,59,9,104,54,0.8676,0.5221,0.6519,0.7662
1134,1135,unicycle,weak,r,0.35,4,2,2,2,0,2,0,1.0,1.0,1.0,1.0
1135,1136,urinal,high,f,0.39,278,139,139,118,6,133,21,0.9516,0.8489,0.8973,0.9291
1136,1137,urn,medium,c,0.38,24,12,12,6,0,12,6,1.0,0.5,0.6667,0.8333
1137,1138,vacuum_cleaner,medium,c,0.33,74,37,37,28,7,30,9,0.8,0.7568,0.7778,0.791
1138,1139,vase,high,f,0.35,3732,1866,1866,1043,75,1791,823,0.9329,0.5589,0.6991,0.8228
1139,1140,vending_machine,medium,c,0.29,94,47,47,37,18,29,10,0.6727,0.7872,0.7255,0.6929
1140,1141,vent,high,f,0.33,2936,1468,1468,1024,894,574,444,0.5339,0.6975,0.6048,0.5602
1141,1142,vest,high,f,0.3,1458,729,729,603,545,184,126,0.5253,0.8272,0.6425,0.5666
1142,1143,videotape,medium,c,0.33,48,24,24,22,10,14,2,0.6875,0.9167,0.7857,0.7237
1143,1144,vinegar,weak,r,0.33,2,1,1,1,0,1,0,1.0,1.0,1.0,1.0
1144,1145,violin,weak,r,0.36,20,10,10,4,0,10,6,1.0,0.4,0.5714,0.7692
1145,1146,vodka,weak,r,0.3,6,3,3,3,0,3,0,1.0,1.0,1.0,1.0
1146,1147,volleyball,medium,c,0.33,28,14,14,12,1,13,2,0.9231,0.8571,0.8889,0.9091
1147,1148,vulture,weak,r,0.31,8,4,4,4,0,4,0,1.0,1.0,1.0,1.0
1148,1149,waffle,medium,c,0.37,58,29,29,27,2,27,2,0.931,0.931,0.931,0.931
1149,1150,waffle_iron,weak,r,0.31,8,4,4,4,1,3,0,0.8,1.0,0.8889,0.8333
1150,1151,wagon,medium,c,0.35,140,70,70,53,8,62,17,0.8689,0.7571,0.8092,0.8439
1151,1152,wagon_wheel,medium,c,0.34,92,46,46,29,4,42,17,0.8788,0.6304,0.7342,0.8146
1152,1153,walking_stick,medium,c,0.2,28,14,14,14,14,0,0,0.5,1.0,0.6667,0.5556
1153,1154,wall_clock,medium,c,0.34,96,48,48,22,3,45,26,0.88,0.4583,0.6027,0.7432
1154,1155,wall_socket,high,f,0.33,3710,1855,1855,1231,456,1399,624,0.7297,0.6636,0.6951,0.7154
1155,1156,wallet,high,f,0.36,226,113,113,71,3,110,42,0.9595,0.6283,0.7594,0.868
1156,1157,walrus,weak,r,0.34,2,1,1,1,0,1,0,1.0,1.0,1.0,1.0
1157,1158,wardrobe,weak,r,0.32,2,1,1,1,0,1,0,1.0,1.0,1.0,1.0
1158,1159,washbasin,weak,r,0.37,20,10,10,10,0,10,0,1.0,1.0,1.0,1.0
1159,1160,automatic_washer,medium,c,0.35,108,54,54,45,5,49,9,0.9,0.8333,0.8654,0.8858
1160,1161,watch,high,f,0.31,3844,1922,1922,1250,1013,909,672,0.5524,0.6504,0.5974,0.5695
1161,1162,water_bottle,high,f,0.29,1260,630,630,425,353,277,205,0.5463,0.6746,0.6037,0.5679
1162,1163,water_cooler,medium,c,0.32,62,31,31,17,13,18,14,0.5667,0.5484,0.5574,0.5629
1163,1164,water_faucet,medium,c,0.35,138,69,69,49,10,59,20,0.8305,0.7101,0.7656,0.8033
1164,1165,water_heater,weak,r,0.33,14,7,7,7,1,6,0,0.875,1.0,0.9333,0.8974
1165,1166,water_jug,medium,c,0.29,22,11,11,10,7,4,1,0.5882,0.9091,0.7143,0.6329
1166,1167,water_gun,weak,r,0.37,2,1,1,1,0,1,0,1.0,1.0,1.0,1.0
1167,1168,water_scooter,medium,c,0.33,60,30,30,25,2,28,5,0.9259,0.8333,0.8772,0.9058
1168,1169,water_ski,medium,c,0.39,100,50,50,41,0,50,9,1.0,0.82,0.9011,0.9579
1169,1170,water_tower,medium,c,0.29,90,45,45,40,13,32,5,0.7547,0.8889,0.8163,0.7782
1170,1171,watering_can,medium,c,0.34,56,28,28,17,3,25,11,0.85,0.6071,0.7083,0.787
1171,1172,watermelon,high,f,0.35,228,114,114,55,11,103,59,0.8333,0.4825,0.6111,0.7275
1172,1173,weathervane,high,f,0.35,386,193,193,120,35,158,73,0.7742,0.6218,0.6897,0.738
1173,1174,webcam,medium,c,0.37,42,21,21,18,3,18,3,0.8571,0.8571,0.8571,0.8571
1174,1175,wedding_cake,medium,c,0.4,182,91,91,77,0,91,14,1.0,0.8462,0.9167,0.9649
1175,1176,wedding_ring,medium,c,0.3,62,31,31,22,11,20,9,0.6667,0.7097,0.6875,0.6748
1176,1177,wet_suit,high,f,0.35,2938,1469,1469,950,190,1279,519,0.8333,0.6467,0.7282,0.7879
1177,1178,wheel,high,f,0.35,3848,1924,1924,1068,365,1559,856,0.7453,0.5551,0.6363,0.6975
1178,1179,wheelchair,medium,c,0.33,174,87,87,52,11,76,35,0.8254,0.5977,0.6933,0.767
1179,1180,whipped_cream,medium,c,0.36,154,77,77,62,4,73,15,0.9394,0.8052,0.8671,0.9091
1180,1181,whistle,medium,c,0.35,22,11,11,9,3,8,2,0.75,0.8182,0.7826,0.7627
1181,1182,wig,medium,c,0.33,94,47,47,39,12,35,8,0.7647,0.8298,0.7959,0.7769
1182,1183,wind_chime,medium,c,0.33,42,21,21,15,2,19,6,0.8824,0.7143,0.7895,0.8427
1183,1184,windmill,medium,c,0.34,94,47,47,22,2,45,25,0.9167,0.4681,0.6197,0.7692
1184,1185,window_box_(for_plants),medium,c,0.3,140,70,70,59,29,41,11,0.6705,0.8429,0.7468,0.6991
1185,1186,windshield_wiper,high,f,0.34,3676,1838,1838,1210,711,1127,628,0.6299,0.6583,0.6438,0.6354
1186,1187,windsock,medium,c,0.35,38,19,19,9,2,17,10,0.8182,0.4737,0.6,0.7143
1187,1188,wine_bottle,high,f,0.31,1062,531,531,325,52,479,206,0.8621,0.6121,0.7159,0.797
1188,1189,wine_bucket,medium,c,0.33,22,11,11,9,0,11,2,1.0,0.8182,0.9,0.9574
1189,1190,wineglass,high,f,0.33,1882,941,941,584,99,842,357,0.8551,0.6206,0.7192,0.795
1190,1191,blinder_(for_horses),high,f,0.32,226,113,113,112,109,4,1,0.5068,0.9912,0.6707,0.5617
1191,1192,wok,medium,c,0.37,52,26,26,22,3,23,4,0.88,0.8462,0.8627,0.873
1192,1193,wolf,weak,r,0.31,10,5,5,5,2,3,0,0.7143,1.0,0.8333,0.7576
1193,1194,wooden_spoon,medium,c,0.32,112,56,56,30,5,51,26,0.8571,0.5357,0.6593,0.7653
1194,1195,wreath,medium,c,0.32,146,73,73,42,7,66,31,0.8571,0.5753,0.6885,0.7807
1195,1196,wrench,medium,c,0.35,64,32,32,21,4,28,11,0.84,0.6562,0.7368,0.7955
1196,1197,wristband,high,f,0.29,256,128,128,115,75,53,13,0.6053,0.8984,0.7233,0.6475
1197,1198,wristlet,high,f,0.3,1246,623,623,403,239,384,220,0.6277,0.6469,0.6372,0.6315
1198,1199,yacht,medium,c,0.34,24,12,12,11,0,12,1,1.0,0.9167,0.9565,0.9821
1199,1200,yogurt,medium,c,0.36,104,52,52,33,5,47,19,0.8684,0.6346,0.7333,0.8088
1200,1201,yoke_(animal_equipment),medium,c,0.2,22,11,11,11,11,0,0,0.5,1.0,0.6667,0.5556
1201,1202,zebra,high,f,0.36,3348,1674,1674,1609,45,1629,65,0.9728,0.9612,0.9669,0.9704
1202,1203,zucchini,medium,c,0.36,162,81,81,59,6,75,22,0.9077,0.7284,0.8082,0.8651
