ram_row,ram_tag,lvis_row,lvis_name,matched_surface,rule,ram_rule,via_synonym,threshold,applied,note
24,antenna,10,antenna,antenna,exact,exact,0,0.3400,1,
26,spray can,0,aerosol_can,spray can,exact,exact,1,0.3400,1,
30,air conditioner,1,air_conditioner,air conditioner,exact,exact,0,0.3100,1,
32,air sock,1186,windsock,air sock,exact,exact,1,0.3500,1,
48,alarm clock,3,alarm_clock,alarm clock,exact,exact,0,0.3300,1,
52,alcohol,4,alcohol,alcohol,exact,exact,0,0.3700,1,
56,almond,6,almond,almond,exact,exact,0,0.3500,1,
64,ambulance,7,ambulance,ambulance,exact,exact,0,0.3400,1,
69,amplifier,8,amplifier,amplifier,exact,exact,0,0.2900,1,
85,anklet,9,anklet,anklet,exact,exact,0,0.3500,1,
87,trench coat,1117,trench_coat,trench coat,exact,exact,0,0.3200,1,
101,apple,11,apple,apple,exact,exact,0,0.3600,1,
105,applesauce,12,applesauce,applesauce,exact,exact,0,0.3200,1,
109,apricot,13,apricot,apricot,exact,exact,0,0.3600,1,
110,apron,14,apron,apron,exact,exact,0,0.3400,1,
112,aquarium,15,aquarium,aquarium,exact,exact,0,0.3200,1,
131,armband,17,armband,armband,exact,exact,0,0.3200,1,
132,armchair,18,armchair,armchair,exact,exact,0,0.3400,1,
133,armoire,19,armoire,armoire,exact,exact,0,0.3400,1,
134,armor,20,armor,armor,exact,exact,0,0.3500,1,
137,army tank,1057,army_tank,army tank,exact,exact,0,0.3400,1,
148,artichoke,21,artichoke,artichoke,exact,exact,0,0.3300,1,
154,ashtray,23,ashtray,ashtray,exact,exact,0,0.3100,1,
156,asparagus,24,asparagus,asparagus,exact,exact,0,0.3500,1,
171,fighter jet,435,fighter_jet,fighter jet,exact,exact,0,0.3300,1,
175,eggplant,418,eggplant,eggplant,exact,exact,0,0.3600,1,
187,car battery,209,car_battery,car battery,exact,exact,0,0.2800,1,
190,motor vehicle,701,motor_vehicle,motor vehicle,exact,exact,0,0.3000,1,
199,avocado,26,avocado,avocado,exact,exact,0,0.3300,1,
200,award,27,award,award,exact,exact,0,0.3500,1,
204,ax,29,ax,ax,exact,exact,0,0.3300,1,
206,baboon,30,baboon,baboon,exact,exact,0,0.2400,1,
209,baby carriage,31,baby_buggy,baby carriage,exact,exact,1,0.3300,1,
218,backpack,33,backpack,backpack,exact,exact,0,0.3400,1,
227,bagel,36,bagel,bagel,exact,exact,0,0.3600,1,
228,bagpipe,37,bagpipe,bagpipe,exact,exact,0,0.3400,1,
229,baguette,38,baguet,baguette,exact,exact,1,0.3400,1,
230,bait,39,bait,bait,exact,exact,0,0.3500,1,
239,ball,40,ball,ball,exact,exact,0,0.3600,1,
244,ballet skirt,41,ballet_skirt,ballet skirt,exact,exact,0,0.3400,1,
245,balloon,42,balloon,balloon,exact,exact,0,0.3400,1,
249,bamboo,43,bamboo,bamboo,exact,exact,0,0.3300,1,
251,banana,44,banana,banana,exact,exact,0,0.3600,1,
256,band aid,45,Band_Aid,Band Aid,exact,exact,0,0.3000,1,
257,bandage,46,bandage,bandage,exact,exact,0,0.3300,1,
258,headscarf,549,headscarf,headscarf,exact,exact,0,0.2900,1,
259,bandeau,147,brassiere,bandeau,exact,exact,1,0.3500,1,
261,bracelet,145,bracelet,bracelet,exact,exact,0,0.3300,1,
263,banjo,48,banjo,banjo,exact,exact,0,0.3700,1,
268,banner,49,banner,banner,exact,exact,0,0.3400,1,
279,barbell,50,barbell,barbell,exact,exact,0,0.3400,1,
283,barge,51,barge,barge,exact,exact,0,0.3000,1,
290,barrel,52,barrel,barrel,exact,exact,0,0.3400,1,
293,handcart,536,handcart,handcart,exact,exact,0,0.3500,1,
295,baseball,56,baseball,baseball,exact,exact,0,0.3800,1,
296,baseball base,55,baseball_base,baseball base,exact,exact,0,0.3800,1,
297,baseball bat,57,baseball_bat,baseball bat,exact,exact,0,0.3600,1,
301,baseball glove,59,baseball_glove,baseball glove,exact,exact,0,0.3700,1,
307,basin,1158,washbasin,basin,exact,exact,1,0.3700,1,
308,basket,60,basket,basket,exact,exact,0,0.3300,1,
310,basketball,61,basketball,basketball,exact,exact,0,0.3900,1,
311,basketball backboard,32,basketball_backboard,basketball backboard,exact,exact,0,0.3400,1,
321,bass horn,62,bass_horn,bass horn,exact,exact,0,0.3500,1,
323,bat,63,bat_(animal),bat,exact,exact,0,0.3300,1,
326,bath mat,64,bath_mat,bath mat,exact,exact,0,0.3600,1,
327,bath towel,65,bath_towel,bath towel,exact,exact,0,0.3400,1,
328,swimwear,1044,swimsuit,swimwear,exact,exact,1,0.3400,1,
329,bathrobe,66,bathrobe,bathrobe,exact,exact,0,0.3400,1,
336,toilet paper,1097,toilet_tissue,toilet paper,exact,exact,1,0.3600,1,
340,batter,68,batter_(food),batter,exact,exact,0,0.3600,1,
341,battery,69,battery,battery,exact,exact,0,0.3600,1,
352,beach chair,357,deck_chair,beach chair,exact,exact,1,0.3400,1,
358,bead,71,bead,bead,exact,exact,0,0.3300,1,
365,beanbag,73,beanbag,beanbag,exact,exact,0,0.3500,1,
366,bear,75,bear,bear,exact,exact,0,0.3600,1,
375,bed,76,bed,bed,exact,exact,0,0.3700,1,
376,bedcover,78,bedspread,bedcover,exact,exact,1,0.3600,1,
380,bedpan,77,bedpan,bedpan,exact,exact,0,0.3400,1,
385,beef,80,beef_(food),beef,exact,exact,0,0.3600,1,
387,beeper,81,beeper,beeper,exact,exact,0,0.3400,1,
389,beer bottle,82,beer_bottle,beer bottle,exact,exact,0,0.3100,1,
390,beer can,83,beer_can,beer can,exact,exact,0,0.3300,1,
395,beetle,84,beetle,beetle,exact,exact,0,0.3000,1,
397,clock,270,clock,clock,exact,exact,0,0.3500,1,
398,bell pepper,86,bell_pepper,bell pepper,exact,exact,0,0.3300,1,
400,belt,87,belt,belt,exact,exact,0,0.3400,1,
401,belt buckle,88,belt_buckle,belt buckle,exact,exact,0,0.3100,1,
402,bench,89,bench,bench,exact,exact,0,0.3500,1,
406,beret,90,beret,beret,exact,exact,0,0.3400,1,
410,bib,91,bib,bib,exact,exact,0,0.3500,1,
412,bible,92,Bible,Bible,exact,exact,0,0.3200,1,
414,bicycle,93,bicycle,bicycle,exact,exact,0,0.3400,1,
428,billboard,95,billboard,billboard,exact,exact,0,0.3300,1,
429,billiard table,830,pool_table,billiard table,exact,exact,1,0.3100,1,
431,binder,96,binder,binder,exact,exact,0,0.3400,1,
432,binocular,97,binoculars,binoculars,plural,exact,0,0.3100,1,
437,bird,98,bird,bird,exact,exact,0,0.3600,1,
442,birdbath,100,birdbath,birdbath,exact,exact,0,0.3200,1,
446,birthday cake,103,birthday_cake,birthday cake,exact,exact,0,0.3600,1,
448,birthday card,104,birthday_card,birthday card,exact,exact,0,0.3000,1,
450,biscuit,302,cookie,biscuit,exact,exact,1,0.3500,1,
456,black sheep,106,black_sheep,black sheep,exact,exact,0,0.3600,1,
457,blackberry,107,blackberry,blackberry,exact,exact,0,0.3300,1,
459,blackboard,108,blackboard,blackboard,exact,exact,0,0.3000,1,
462,blanket,109,blanket,blanket,exact,exact,0,0.3600,1,
463,sports coat,110,blazer,sports coat,exact,exact,1,0.3300,1,
465,blender,111,blender,blender,exact,exact,0,0.3500,1,
469,flasher,113,blinker,flasher,exact,exact,1,0.3400,1,
476,blouse,114,blouse,blouse,exact,exact,0,0.3100,1,
479,blowfish,850,puffer_(fish),blowfish,exact,exact,1,0.2000,1,
484,blueberry,115,blueberry,blueberry,exact,exact,0,0.3600,1,
486,pig,561,hog,pig,exact,exact,1,0.3400,1,
491,boat,117,boat,boat,exact,exact,0,0.3500,1,
494,paddle,744,paddle,paddle,exact,exact,0,0.3600,1,
496,bobfloat,118,bob,bobfloat,exact,exact,1,0.3400,1,
501,boiled egg,121,boiled_egg,boiled egg,exact,exact,0,0.3100,1,
502,boiler,603,kettle,boiler,exact,exact,1,0.3500,1,
503,bolo tie,122,bolo_tie,bolo tie,exact,exact,0,0.2000,1,
504,bolt,124,bolt,bolt,exact,exact,0,0.3400,1,
510,bonnet,125,bonnet,bonnet,exact,exact,0,0.3400,1,
512,book,126,book,book,exact,exact,0,0.3400,1,
514,bookcase,127,bookcase,bookcase,exact,exact,0,0.3500,1,
516,bookmark,129,bookmark,bookmark,exact,exact,0,0.3400,1,
519,boom microphone,130,boom_microphone,boom microphone,exact,exact,0,0.2900,1,
521,boot,131,boot,boot,exact,exact,0,0.3200,1,
525,bottle,132,bottle,bottle,exact,exact,0,0.3200,1,
526,bottle cap,203,bottle_cap,bottle cap,exact,exact,0,0.3200,1,
527,bottle opener,133,bottle_opener,bottle opener,exact,exact,0,0.3300,1,
528,bottle screw,307,corkscrew,bottle screw,exact,exact,1,0.3400,1,
531,bouquet,134,bouquet,bouquet,exact,exact,0,0.3500,1,
534,bow,135,bow_(weapon),bow,exact,exact,0,0.3500,0,ambiguous_sense_dropped
534,bow,136,bow_(decorative_ribbons),bow,exact,exact,0,0.3000,0,ambiguous_sense_dropped
535,bow tie,137,bow-tie,bow-tie,punct,exact,0,0.3400,1,
537,bowl,138,bowl,bowl,exact,exact,0,0.3500,1,
540,bowling ball,141,bowling_ball,bowling ball,exact,exact,0,0.3300,1,
542,box,142,box,box,exact,exact,0,0.3500,1,
546,underdrawers,390,underdrawers,underdrawers,exact,exact,0,0.3300,1,
548,boxing glove,143,boxing_glove,boxing glove,exact,exact,0,0.3200,1,
556,brake light,1019,brake_light,brake light,exact,exact,0,0.3200,1,
561,brass plaque,146,brass_plaque,brass plaque,exact,exact,0,0.2800,1,
562,bread,149,bread,bread,exact,exact,0,0.3500,1,
563,breadbox,148,bread-bin,breadbox,exact,exact,1,0.3400,1,
573,wedding dress,151,bridal_gown,wedding dress,exact,exact,1,0.3200,1,
579,briefcase,152,briefcase,briefcase,exact,exact,0,0.3100,1,
582,broach,154,broach,broach,exact,exact,0,0.3600,1,
584,broccoli,153,broccoli,broccoli,exact,exact,0,0.3500,1,
591,broom,155,broom,broom,exact,exact,0,0.3300,1,
595,brownie,156,brownie,brownie,exact,exact,0,0.3500,1,
600,brussels sprout,157,brussels_sprouts,brussels sprouts,plural,exact,0,0.3400,1,
602,bubble gum,158,bubble_gum,bubble gum,exact,exact,0,0.3100,1,
605,shield,945,shield,shield,exact,exact,0,0.3600,1,
617,lamp,625,lamp,lamp,exact,exact,0,0.3300,1,
618,bull,161,bull,bull,exact,exact,0,0.3600,1,
619,bulldog,162,bulldog,bulldog,exact,exact,0,0.3500,1,
621,bullet train,164,bullet_train,bullet train,exact,exact,0,0.3500,1,
622,bulletin board,165,bulletin_board,bulletin board,exact,exact,0,0.3200,1,
623,bulletproof vest,166,bulletproof_vest,bulletproof vest,exact,exact,0,0.3200,1,
625,megaphone,167,bullhorn,megaphone,exact,exact,1,0.3400,1,
629,roll,168,bun,roll,exact,exact,1,0.3700,1,
632,bunk bed,169,bunk_bed,bunk bed,exact,exact,0,0.3800,1,
635,buoy,170,buoy,buoy,exact,exact,0,0.3500,1,
639,burrito,171,burrito,burrito,exact,exact,0,0.3200,1,
640,bus,172,bus_(vehicle),bus,exact,exact,0,0.3600,1,
648,business card,173,business_card,business card,exact,exact,0,0.3000,1,
658,butter,174,butter,butter,exact,exact,0,0.3500,1,
660,butterfly,175,butterfly,butterfly,exact,exact,0,0.3200,1,
662,button,176,button,button,exact,exact,0,0.3300,1,
665,taxi,177,cab_(taxi),taxi,exact,exact,1,0.3600,1,
666,cabana,178,cabana,cabana,exact,exact,0,0.3400,1,
669,cabin car,179,cabin_car,cabin car,exact,exact,0,0.3600,1,
670,cabinet,180,cabinet,cabinet,exact,exact,0,0.3500,1,
676,canteen,201,canteen,canteen,exact,exact,0,0.3500,1,
678,cake,182,cake,cake,exact,exact,0,0.3700,1,
680,calculator,183,calculator,calculator,exact,exact,0,0.3200,1,
682,calendar,184,calendar,calendar,exact,exact,0,0.3300,1,
683,calf,185,calf,calf,exact,exact,0,0.3700,1,
688,camcorder,186,camcorder,camcorder,exact,exact,0,0.3600,1,
689,camel,187,camel,camel,exact,exact,0,0.3500,1,
690,camera,188,camera,camera,exact,exact,0,0.3500,1,
691,camera lens,189,camera_lens,camera lens,exact,exact,0,0.3500,1,
694,camper,190,camper_(vehicle),camper,exact,exact,0,0.3600,1,
699,can,191,can,can,exact,exact,0,0.3400,1,
700,can opener,192,can_opener,can opener,exact,exact,0,0.3300,1,
704,candle,193,candle,candle,exact,exact,0,0.3200,1,
705,candle holder,194,candle_holder,candle holder,exact,exact,0,0.3100,1,
707,candy bar,195,candy_bar,candy bar,exact,exact,0,0.3000,1,
708,candy cane,196,candy_cane,candy cane,exact,exact,0,0.3400,1,
711,jar,590,jar,jar,exact,exact,0,0.3600,1,
715,cantaloupe,200,cantaloup,cantaloupe,exact,exact,1,0.3600,1,
719,cap,202,cap_(headwear),cap,exact,exact,0,0.3400,1,
720,cape,204,cape,cape,exact,exact,0,0.3500,1,
722,cappuccino,205,cappuccino,cappuccino,exact,exact,0,0.3500,1,
726,car,206,car_(automobile),car,exact,exact,0,0.3400,1,
738,card,211,card,card,exact,exact,0,0.3300,1,
742,cardigan,212,cardigan,cardigan,exact,exact,0,0.3100,1,
746,cargo ship,213,cargo_ship,cargo ship,exact,exact,0,0.3200,1,
748,carnation,214,carnation,carnation,exact,exact,0,0.3500,1,
755,slipper,972,slipper_(footwear),slipper,exact,exact,0,0.3400,1,
757,coach,767,passenger_car_(part_of_a_train),coach,exact,exact,1,0.3500,1,
758,dalmatian,354,dalmatian,dalmatian,exact,exact,0,0.2700,1,
760,carrot,216,carrot,carrot,exact,exact,0,0.3500,1,
763,cart,218,cart,cart,exact,exact,0,0.3700,1,
764,carton,219,carton,carton,exact,exact,0,0.3500,1,
774,casserole,221,casserole,casserole,exact,exact,0,0.3700,1,
775,cassette,222,cassette,cassette,exact,exact,0,0.3300,1,
777,plaster bandage,223,cast,plaster bandage,exact,exact,1,0.3200,1,
780,cat,224,cat,cat,exact,exact,0,0.3700,1,
787,catamount,315,cougar,catamount,exact,exact,1,0.3500,1,
796,cauliflower,225,cauliflower,cauliflower,exact,exact,0,0.3200,1,
800,CD player,227,CD_player,CD player,exact,exact,0,0.3400,1,
807,celery,228,celery,celery,exact,exact,0,0.3300,1,
821,chair,231,chair,chair,exact,exact,0,0.3300,1,
823,daybed,232,chaise_longue,daybed,exact,exact,1,0.3400,1,
825,chalice,233,chalice,chalice,exact,exact,0,0.3200,1,
830,champagne flute,461,flute_glass,champagne flute,exact,exact,1,0.3100,1,
833,chandelier,234,chandelier,chandelier,exact,exact,0,0.3200,1,
836,chap,235,chap,chap,exact,exact,0,0.3500,1,
850,checkbook,236,checkbook,checkbook,exact,exact,0,0.3500,1,
851,chessboard,239,chessboard,chessboard,exact,exact,0,0.2900,1,
865,cherry,238,cherry,cherry,exact,exact,0,0.3500,1,
871,chicken,240,chicken_(animal),chicken,exact,exact,0,0.3500,1,
876,garbanzo,241,chickpea,garbanzo,exact,exact,1,0.3500,1,
882,chile,242,chili_(vegetable),chile,exact,exact,1,0.3600,1,
886,chinaware,244,chinaware,chinaware,exact,exact,0,0.3200,1,
896,chocolate bar,247,chocolate_bar,chocolate bar,exact,exact,0,0.3500,1,
897,chocolate cake,248,chocolate_cake,chocolate cake,exact,exact,0,0.3300,1,
900,chocolate milk,249,chocolate_milk,chocolate milk,exact,exact,0,0.3400,1,
901,chocolate mousse,250,chocolate_mousse,chocolate mousse,exact,exact,0,0.2800,1,
902,truffle,1123,truffle_(chocolate),truffle,exact,exact,0,0.2800,1,
905,cutting board,252,chopping_board,cutting board,exact,exact,1,0.3500,1,
906,chopstick,253,chopstick,chopstick,exact,exact,0,0.3400,1,
917,christmas tree,254,Christmas_tree,Christmas tree,exact,exact,0,0.3300,1,
921,cider,256,cider,cider,exact,exact,0,0.3500,1,
923,cigar box,257,cigar_box,cigar box,exact,exact,0,0.2500,1,
924,cigarette,258,cigarette,cigarette,exact,exact,0,0.3500,1,
925,cigarette case,259,cigarette_case,cigarette case,exact,exact,0,0.3100,1,
926,waistband,496,cincture,waistband,exact,exact,1,0.2000,1,
934,water tank,260,cistern,water tank,exact,exact,1,0.3500,1,
947,clarinet,261,clarinet,clarinet,exact,exact,0,0.3300,1,
948,clasp,262,clasp,clasp,exact,exact,0,0.2000,1,
955,pottery,839,pottery,pottery,exact,exact,0,0.3500,1,
958,cleaner,263,cleansing_agent,cleaner,exact,exact,1,0.3400,1,
961,cleat,264,cleat_(for_securing_rope),cleat,exact,exact,0,0.2000,1,
962,clementine,265,clementine,clementine,exact,exact,0,0.3100,1,
969,clip,266,clip,clip,exact,exact,0,0.3600,1,
971,clipboard,267,clipboard,clipboard,exact,exact,0,0.3300,1,
972,clipper,268,clippers_(for_plants),clippers,plural,exact,0,0.3400,1,
974,cloak,269,cloak,cloak,exact,exact,0,0.3300,1,
977,closet,345,cupboard,closet,exact,exact,1,0.3600,1,
981,clothespin,273,clothespin,clothespin,exact,exact,0,0.3400,1,
992,clutch bag,274,clutch_bag,clutch bag,exact,exact,0,0.2000,1,
995,coat,276,coat,coat,exact,exact,0,0.3300,1,
996,coatrack,278,coatrack,coatrack,exact,exact,0,0.3700,1,
998,cock,279,cock,cock,exact,exact,0,0.3700,1,
1006,cocktail table,284,coffee_table,cocktail table,exact,exact,1,0.3200,1,
1007,cocoa,281,cocoa_(beverage),cocoa,exact,exact,0,0.3400,1,
1008,coconut,282,coconut,coconut,exact,exact,0,0.3500,1,
1013,coffee machine,283,coffee_maker,coffee machine,exact,exact,1,0.3200,1,
1015,coffeepot,285,coffeepot,coffeepot,exact,exact,0,0.3400,1,
1019,coin,287,coin,coin,exact,exact,0,0.3300,1,
1021,colander,288,colander,colander,exact,exact,0,0.3500,1,
1023,slaw,289,coleslaw,slaw,exact,exact,1,0.3700,1,
1028,sheepdog,943,shepherd_dog,sheepdog,exact,exact,1,0.3000,1,
1032,coloring material,290,coloring_material,coloring material,exact,exact,0,0.3200,1,
1033,pony,829,pony,pony,exact,exact,0,0.3500,1,
1036,combination lock,291,combination_lock,combination lock,exact,exact,0,0.3400,1,
1043,comic book,293,comic_book,comic book,exact,exact,0,0.3400,1,
1051,compass,294,compass,compass,exact,exact,0,0.3300,1,
1062,keyboard,295,computer_keyboard,keyboard,exact,exact,1,0.3500,1,
1072,condiment,296,condiment,condiment,exact,exact,0,0.3700,1,
1076,cone,297,cone,cone,exact,exact,0,0.3500,1,
1096,control,298,control,control,exact,exact,0,0.3500,1,
1102,convertible,299,convertible_(automobile),convertible,exact,exact,0,0.3300,1,
1107,cooker,301,cooker,cooker,exact,exact,0,0.2900,1,
1109,cooler,304,cooler_(for_food),cooler,exact,exact,0,0.3000,1,
1116,liquor,650,liquor,liquor,exact,exact,0,0.3500,1,
1118,cork,305,cork_(bottle_plug),cork,exact,exact,0,0.3400,1,
1119,corkboard,306,corkboard,corkboard,exact,exact,0,0.3000,1,
1121,corn,308,edible_corn,corn,exact,exact,1,0.3500,1,
1123,cornbread,309,cornbread,cornbread,exact,exact,0,0.3200,1,
1125,trumpet,310,cornet,trumpet,exact,exact,1,0.3300,1,
1126,cornice,311,cornice,cornice,exact,exact,0,0.3300,1,
1127,cornmeal,312,cornmeal,cornmeal,exact,exact,0,0.3400,1,
1130,corset,313,corset,corset,exact,exact,0,0.3500,1,
1135,costume,314,costume,costume,exact,exact,0,0.3600,1,
1141,couch,981,sofa,couch,exact,exact,1,0.3600,1,
1153,courgette,1202,zucchini,courgette,exact,exact,1,0.3600,1,
1159,coverall,316,coverall,coverall,exact,exact,0,0.2000,1,
1160,cow,79,cow,cow,exact,exact,0,0.3600,1,
1161,cowbell,317,cowbell,cowbell,exact,exact,0,0.3600,1,
1164,cowboy hat,318,cowboy_hat,cowboy hat,exact,exact,0,0.3500,1,
1165,crab,319,crab_(animal),crab,exact,exact,0,0.3500,1,
1166,crabmeat,320,crabmeat,crabmeat,exact,exact,0,0.2900,1,
1173,crape,322,crape,crape,exact,exact,0,0.3700,1,
1175,crate,323,crate,crate,exact,exact,0,0.3200,1,
1178,crayon,324,crayon,crayon,exact,exact,0,0.3400,1,
1180,cream pitcher,325,cream_pitcher,cream pitcher,exact,exact,0,0.3200,1,
1185,croissant,326,crescent_roll,croissant,exact,exact,1,0.3500,1,
1193,crock pot,328,crock_pot,crock pot,exact,exact,0,0.3300,1,
1198,crossbar,329,crossbar,crossbar,exact,exact,0,0.3300,1,
1202,crouton,330,crouton,crouton,exact,exact,0,0.3400,1,
1203,crow,331,crow,crow,exact,exact,0,0.3800,1,
1204,crowbar,332,crowbar,crowbar,exact,exact,0,0.3500,1,
1207,crown,333,crown,crown,exact,exact,0,0.3200,1,
1209,crucifix,334,crucifix,crucifix,exact,exact,0,0.3200,1,
1211,cruise ship,335,cruise_ship,cruise ship,exact,exact,0,0.3700,1,
1213,crumb,337,crumb,crumb,exact,exact,0,0.3500,1,
1215,crutch,338,crutch,crutch,exact,exact,0,0.3500,1,
1217,cub,339,cub_(animal),cub,exact,exact,0,0.3800,1,
1218,cube,340,cube,cube,exact,exact,0,0.3400,1,
1219,cucumber,341,cucumber,cucumber,exact,exact,0,0.3300,1,
1222,cufflink,342,cufflink,cufflink,exact,exact,0,0.3300,1,
1225,cup,343,cup,cup,exact,exact,0,0.3400,1,
1226,cupcake,346,cupcake,cupcake,exact,exact,0,0.3700,1,
1230,hair roller,347,hair_curler,hair roller,exact,exact,1,0.3200,1,
1234,curtain,349,curtain,curtain,exact,exact,0,0.3400,1,
1236,pad,743,pad,pad,exact,exact,0,0.3600,1,
1243,cylinder,351,cylinder,cylinder,exact,exact,0,0.3200,1,
1244,cymbal,352,cymbal,cymbal,exact,exact,0,0.3100,1,
1249,dagger,353,dagger,dagger,exact,exact,0,0.3200,1,
1251,daikon,866,radish,daikon,exact,exact,1,0.3600,1,
1265,dartboard,355,dartboard,dartboard,exact,exact,0,0.3400,1,
1267,date,356,date_(fruit),date,exact,exact,0,0.2000,1,
1272,deadbolt,123,deadbolt,deadbolt,exact,exact,0,0.3400,1,
1282,deer,358,deer,deer,exact,exact,0,0.3500,1,
1295,derby,140,bowler_hat,derby,exact,exact,1,0.3300,1,
1301,table,1049,table,table,exact,exact,0,0.3400,1,
1302,table lamp,1050,table_lamp,table lamp,exact,exact,0,0.3300,1,
1308,detergent,361,detergent,detergent,exact,exact,0,0.3500,1,
1312,diaper,362,diaper,diaper,exact,exact,0,0.3700,1,
1314,journal,363,diary,journal,exact,exact,1,0.3300,1,
1315,die,364,die,die,exact,exact,0,0.3400,1,
1317,excavator,841,power_shovel,excavator,exact,exact,1,0.3600,1,
1322,rowboat,365,dinghy,rowboat,exact,exact,1,0.3400,1,
1332,dirt bike,1112,dirt_bike,dirt bike,exact,exact,0,0.3400,1,
1342,plate,817,plate,plate,exact,exact,0,0.3600,1,
1343,dish antenna,369,dish_antenna,dish antenna,exact,exact,0,0.3300,1,
1345,dishrag,370,dishrag,dishrag,exact,exact,0,0.3500,1,
1347,dishsoap,373,dishwasher_detergent,dishsoap,exact,exact,1,0.3200,1,
1349,dispenser,374,dispenser,dispenser,exact,exact,0,0.3500,1,
1355,diving board,375,diving_board,diving board,exact,exact,0,0.3100,1,
1356,paper cup,376,Dixie_cup,paper cup,exact,exact,1,0.3200,1,
1363,dog,377,dog,dog,exact,exact,0,0.3600,1,
1366,dog collar,378,dog_collar,dog collar,exact,exact,0,0.3400,1,
1369,doll,379,doll,doll,exact,exact,0,0.3400,1,
1370,dollar,380,dollar,dollar,exact,exact,0,0.3200,1,
1371,dollhouse,381,dollhouse,dollhouse,exact,exact,0,0.3100,1,
1373,dolphin,382,dolphin,dolphin,exact,exact,0,0.3100,1,
1377,donkey,383,domestic_ass,donkey,exact,exact,1,0.3500,1,
1378,donut,386,doughnut,donut,exact,exact,1,0.3600,1,
1382,doormat,385,doormat,doormat,exact,exact,0,0.3500,1,
1388,dozer,163,bulldozer,dozer,exact,exact,1,0.3400,1,
1391,dragonfly,388,dragonfly,dragonfly,exact,exact,0,0.2700,1,
1396,drawer,389,drawer,drawer,exact,exact,0,0.3400,1,
1398,drawing pin,1085,thumbtack,drawing pin,exact,exact,1,0.3500,1,
1400,dress,391,dress,dress,exact,exact,0,0.3300,1,
1401,dress hat,392,dress_hat,dress hat,exact,exact,0,0.3300,1,
1404,dress suit,393,dress_suit,dress suit,exact,exact,0,0.3300,1,
1405,dresser,394,dresser,dresser,exact,exact,0,0.3400,1,
1410,drill,395,drill,drill,exact,exact,0,0.3500,1,
1416,drone,396,drone,drone,exact,exact,0,0.3300,1,
1419,dropper,397,dropper,dropper,exact,exact,0,0.3400,1,
1421,medicine,682,medicine,medicine,exact,exact,0,0.3500,1,
1423,drum,398,drum_(musical_instrument),drum,exact,exact,0,0.3600,1,
1425,drumstick,399,drumstick,drumstick,exact,exact,0,0.3700,1,
1428,duck,400,duck,duck,exact,exact,0,0.3700,1,
1430,duckling,401,duckling,duckling,exact,exact,0,0.3900,1,
1431,duct tape,402,duct_tape,duct tape,exact,exact,0,0.3500,1,
1434,duffel,403,duffel_bag,duffel,exact,exact,1,0.3400,1,
1435,canoe,199,canoe,canoe,exact,exact,0,0.3300,1,
1436,dumbbell,404,dumbbell,dumbbell,exact,exact,0,0.3300,1,
1443,garbage truck,482,garbage_truck,garbage truck,exact,exact,0,0.3800,1,
1444,dustpan,406,dustpan,dustpan,exact,exact,0,0.3600,1,
1448,eagle,407,eagle,eagle,exact,exact,0,0.3300,1,
1451,earphone,408,earphone,earphone,exact,exact,0,0.3500,1,
1452,earplug,409,earplug,earplug,exact,exact,0,0.3500,1,
1453,earring,410,earring,earring,exact,exact,0,0.3200,1,
1455,easel,411,easel,easel,exact,exact,0,0.3300,1,
1461,eclair,412,eclair,eclair,exact,exact,0,0.3400,1,
1467,eel,413,eel,eel,exact,exact,0,0.2000,1,
1468,egg,414,egg,egg,exact,exact,0,0.3400,1,
1469,egg roll,415,egg_roll,egg roll,exact,exact,0,0.3600,1,
1471,eggbeater,417,eggbeater,eggbeater,exact,exact,0,0.3500,1,
1474,elastic band,895,rubber_band,elastic band,exact,exact,1,0.3200,1,
1476,electric chair,419,electric_chair,electric chair,exact,exact,0,0.3200,1,
1482,elephant,421,elephant,elephant,exact,exact,0,0.3600,1,
1485,elevator car,208,elevator_car,elevator car,exact,exact,0,0.3200,1,
1519,envelope,423,envelope,envelope,exact,exact,0,0.3400,1,
1522,eraser,424,eraser,eraser,exact,exact,0,0.3500,1,
1526,escargot,425,escargot,escargot,exact,exact,0,0.3100,1,
1547,extinguisher,441,fire_extinguisher,extinguisher,exact,exact,1,0.2800,1,
1568,falcon,427,falcon,falcon,exact,exact,0,0.3600,1,
1574,fan,428,fan,fan,exact,exact,0,0.2900,1,
1591,faucet,429,faucet,faucet,exact,exact,0,0.3600,1,
1598,fedora,430,fedora,fedora,exact,exact,0,0.3600,1,
1600,feedbag,721,nosebag_(for_animals),feedbag,exact,exact,1,0.3300,1,
1602,feeding chair,557,highchair,feeding chair,exact,exact,1,0.3500,1,
1608,ferret,431,ferret,ferret,exact,exact,0,0.3100,1,
1609,ferris wheel,432,Ferris_wheel,Ferris wheel,exact,exact,0,0.3100,1,
1610,ferry,433,ferry,ferry,exact,exact,0,0.3400,1,
1618,fig,434,fig_(fruit),fig,exact,exact,0,0.3200,1,
1621,figurine,436,figurine,figurine,exact,exact,0,0.3400,1,
1622,file,438,file_(tool),file,exact,exact,0,0.2000,1,
1624,file cabinet,437,file_cabinet,file cabinet,exact,exact,0,0.3300,1,
1633,fin,459,flipper_(footwear),fin,exact,exact,1,0.3600,1,
1639,fire alarm,439,fire_alarm,fire alarm,exact,exact,0,0.3100,1,
1641,fire truck,440,fire_engine,fire truck,exact,exact,1,0.3600,1,
1643,fire hose,442,fire_hose,fire hose,exact,exact,0,0.3500,1,
1648,fireplace,443,fireplace,fireplace,exact,exact,0,0.3400,1,
1651,first-aid kit,445,first-aid_kit,first-aid kit,exact,exact,0,0.3500,1,
1652,fish,446,fish,fish,exact,exact,0,0.3300,0,ambiguous_sense_dropped
1652,fish,447,fish_(food),fish,exact,exact,0,0.3400,0,ambiguous_sense_dropped
1656,fishbowl,448,fishbowl,fishbowl,exact,exact,0,0.3400,1,
1661,fishing pole,449,fishing_rod,fishing pole,exact,exact,1,0.3300,1,
1668,flag,450,flag,flag,exact,exact,0,0.3200,1,
1672,flamingo,452,flamingo,flamingo,exact,exact,0,0.3500,1,
1673,flannel,453,flannel,flannel,exact,exact,0,0.3200,1,
1674,flap,454,flap,flap,exact,exact,0,0.3500,1,
1676,flash,455,flash,flash,exact,exact,0,0.3400,1,
1687,flip-flop,458,flip-flop_(sandal),flip-flop,exact,exact,0,0.3300,1,
1697,floral arrangement,460,flower_arrangement,floral arrangement,exact,exact,1,0.3100,1,
1699,floss,359,dental_floss,floss,exact,exact,1,0.3500,1,
1715,horse,568,horse,horse,exact,exact,0,0.3500,1,
1721,folding chair,463,folding_chair,folding chair,exact,exact,0,0.3000,1,
1732,food processor,464,food_processor,food processor,exact,exact,0,0.3600,1,
1738,football,465,football_(American),football,exact,exact,0,0.3600,1,
1744,football helmet,466,football_helmet,football helmet,exact,exact,0,0.3300,1,
1750,footrest,467,footstool,footrest,exact,exact,1,0.3400,1,
1762,fork,468,fork,fork,exact,exact,0,0.3500,1,
1763,forklift,469,forklift,forklift,exact,exact,0,0.3400,1,
1783,French toast,471,French_toast,French toast,exact,exact,0,0.3500,1,
1784,freshener,472,freshener,freshener,exact,exact,0,0.3500,1,
1790,frisbee,473,frisbee,frisbee,exact,exact,0,0.3800,1,
1791,frog,474,frog,frog,exact,exact,0,0.3300,1,
1805,frying pan,476,frying_pan,frying pan,exact,exact,0,0.3600,1,
1806,fudge,477,fudge,fudge,exact,exact,0,0.3700,1,
1808,fume hood,564,fume_hood,fume hood,exact,exact,0,0.2900,1,
1812,funnel,478,funnel,funnel,exact,exact,0,0.3500,1,
1816,futon,479,futon,futon,exact,exact,0,0.3600,1,
1818,muzzle,480,gag,muzzle,exact,exact,1,0.3400,1,
1824,ham,527,ham,ham,exact,exact,0,0.3600,1,
1829,garbage,481,garbage,garbage,exact,exact,0,0.3500,1,
1832,garden hose,483,garden_hose,garden hose,exact,exact,0,0.3200,1,
1837,gargoyle,485,gargoyle,gargoyle,exact,exact,0,0.3100,1,
1838,wreath,1194,wreath,wreath,exact,exact,0,0.3200,1,
1839,garlic,486,garlic,garlic,exact,exact,0,0.3600,1,
1844,gasmask,487,gasmask,gasmask,exact,exact,0,0.3500,1,
1854,generator,491,generator,generator,exact,exact,0,0.3400,1,
1863,gift wrap,493,gift_wrap,gift wrap,exact,exact,0,0.3400,1,
1866,ginger,494,ginger,ginger,exact,exact,0,0.3400,1,
1870,giraffe,495,giraffe,giraffe,exact,exact,0,0.3800,1,
1889,glasses,497,glass_(drink_container),glass,exact,plural,0,0.3300,0,ambiguous_sense_dropped
1889,glasses,994,spectacles,glasses,exact,exact,1,0.3300,0,ambiguous_sense_dropped
1893,glove,499,glove,glove,exact,exact,0,0.3300,1,
1900,goat,500,goat,goat,exact,exact,0,0.3600,1,
1903,goggles,501,goggles,goggles,exact,exact,0,0.3200,1,
1908,goldfish,502,goldfish,goldfish,exact,exact,0,0.3100,1,
1912,golf club,503,golf_club,golf club,exact,exact,0,0.3600,1,
1915,goose,506,goose,goose,exact,exact,0,0.3600,1,
1916,gorilla,507,gorilla,gorilla,exact,exact,0,0.3200,1,
1918,gourd,508,gourd,gourd,exact,exact,0,0.3500,1,
1932,grape,509,grape,grape,exact,exact,0,0.3400,1,
1939,grater,510,grater,grater,exact,exact,0,0.3300,1,
1942,gravestone,511,gravestone,gravestone,exact,exact,0,0.3300,1,
1944,gravy boat,512,gravy_boat,gravy boat,exact,exact,0,0.3500,1,
1955,griddle,515,griddle,griddle,exact,exact,0,0.3600,1,
1956,grill,516,grill,grill,exact,exact,0,0.3000,1,
1961,grits,517,grits,grits,exact,exact,0,0.3700,1,
1962,grocery bag,519,grocery_bag,grocery bag,exact,exact,0,0.3200,1,
1976,guitar,520,guitar,guitar,exact,exact,0,0.3300,1,
1979,gull,521,gull,gull,exact,exact,0,0.3400,1,
1980,gun,522,gun,gun,exact,exact,0,0.3300,1,
1992,hairbrush,523,hairbrush,hairbrush,exact,exact,0,0.3300,1,
1994,hairgrip,120,bobby_pin,hairgrip,exact,exact,1,0.3300,1,
1995,hairnet,524,hairnet,hairnet,exact,exact,0,0.3100,1,
1996,hairpin,525,hairpin,hairpin,exact,exact,0,0.2000,1,
2003,halter top,526,halter_top,halter top,exact,exact,0,0.3200,1,
2005,hamburger,528,hamburger,hamburger,exact,exact,0,0.3600,1,
2007,hammer,529,hammer,hammer,exact,exact,0,0.3500,1,
2008,hammock,530,hammock,hammock,exact,exact,0,0.3600,1,
2009,hamper,531,hamper,hamper,exact,exact,0,0.3400,1,
2010,hamster,532,hamster,hamster,exact,exact,0,0.3400,1,
2012,hand glass,534,hand_glass,hand glass,exact,exact,0,0.3400,1,
2013,hand towel,535,hand_towel,hand towel,exact,exact,0,0.3300,1,
2014,handbag,34,handbag,handbag,exact,exact,0,0.3400,1,
2016,handcuff,537,handcuff,handcuff,exact,exact,0,0.2000,1,
2017,handgun,811,pistol,handgun,exact,exact,1,0.3300,1,
2018,handkerchief,538,handkerchief,handkerchief,exact,exact,0,0.3300,1,
2019,handle,539,handle,handle,exact,exact,0,0.3300,1,
2020,handsaw,540,handsaw,handsaw,exact,exact,0,0.3600,1,
2032,hardback book,541,hardback_book,hardback book,exact,exact,0,0.2000,1,
2043,hassock,737,ottoman,hassock,exact,exact,1,0.3500,1,
2044,hat,543,hat,hat,exact,exact,0,0.3300,1,
2045,hatbox,544,hatbox,hatbox,exact,exact,0,0.3400,1,
2053,headlight,548,headlight,headlight,exact,exact,0,0.3200,1,
2054,headboard,547,headboard,headboard,exact,exact,0,0.3500,1,
2059,heart,552,heart,heart,exact,exact,0,0.3300,1,
2062,heater,553,heater,heater,exact,exact,0,0.3500,1,
2067,helicopter,554,helicopter,helicopter,exact,exact,0,0.3600,1,
2069,helmet,555,helmet,helmet,exact,exact,0,0.3400,1,
2077,heron,556,heron,heron,exact,exact,0,0.3200,1,
2094,hinge,558,hinge,hinge,exact,exact,0,0.3500,1,
2105,hockey stick,560,hockey_stick,hockey stick,exact,exact,0,0.3700,1,
2113,home base,562,home_plate_(baseball),home base,exact,exact,1,0.3700,1,
2119,hummus,576,hummus,hummus,exact,exact,0,0.3500,1,
2120,honey,563,honey,honey,exact,exact,0,0.3600,1,
2125,hook,565,hook,hook,exact,exact,0,0.3300,1,
2130,hornet,567,hornet,hornet,exact,exact,0,0.3300,1,
2133,horse blanket,899,saddle_blanket,horse blanket,exact,exact,1,0.3400,1,
2139,hose,569,hose,hose,exact,exact,0,0.3500,1,
2146,hot air balloon,570,hot-air_balloon,hot-air balloon,punct,exact,0,0.2900,1,
2148,hot sauce,572,hot_sauce,hot sauce,exact,exact,0,0.3400,1,
2153,hotplate,571,hotplate,hotplate,exact,exact,0,0.3500,1,
2154,hourglass,573,hourglass,hourglass,exact,exact,0,0.3400,1,
2163,person,792,person,person,exact,exact,0,0.3300,1,
2165,hummingbird,575,hummingbird,hummingbird,exact,exact,0,0.3400,1,
2176,hydrant,444,fireplug,hydrant,exact,exact,1,0.3700,1,
2177,seaplane,930,seaplane,seaplane,exact,exact,0,0.3400,1,
2179,ice bag,581,ice_pack,ice bag,exact,exact,1,0.3100,1,
2180,polar bear,577,polar_bear,polar bear,exact,exact,0,0.3800,1,
2182,icecream,578,icecream,icecream,exact,exact,0,0.3600,1,
2189,lollipop,653,lollipop,lollipop,exact,exact,0,0.3200,1,
2190,ice maker,580,ice_maker,ice maker,exact,exact,0,0.3400,1,
2201,identity card,210,identity_card,identity card,exact,exact,0,0.2700,1,
2222,inhalator,584,inhaler,inhalator,exact,exact,1,0.3500,1,
2226,inking pad,742,inkpad,inking pad,exact,exact,1,0.3400,1,
2231,instrument,710,musical_instrument,instrument,exact,exact,1,0.3500,1,
2242,ipod,585,iPod,iPod,exact,exact,0,0.3700,1,
2244,iron,586,iron_(for_clothing),iron,exact,exact,0,0.3500,1,
2245,ironing board,587,ironing_board,ironing board,exact,exact,0,0.3500,1,
2255,jacket,588,jacket,jacket,exact,exact,0,0.3200,1,
2260,jam,589,jam,jam,exact,exact,0,0.3400,1,
2268,jeans,591,jean,jean,exact,plural,0,0.3300,1,review_ram_variant
2269,jeep,592,jeep,jeep,exact,exact,0,0.3400,1,
2270,jelly,489,gelatin,jelly,exact,exact,1,0.3500,1,
2271,jelly bean,593,jelly_bean,jelly bean,exact,exact,0,0.2000,1,
2275,jewel,596,jewel,jewel,exact,exact,0,0.2000,1,
2276,jewellery,597,jewelry,jewellery,exact,exact,1,0.3100,1,
2281,jockey cap,58,baseball_cap,jockey cap,exact,exact,1,0.3400,1,
2285,joystick,598,joystick,joystick,exact,exact,0,0.3600,1,
2293,jumpsuit,599,jumpsuit,jumpsuit,exact,exact,0,0.3300,1,
2303,kayak,600,kayak,kayak,exact,exact,0,0.3600,1,
2305,key,604,key,key,exact,exact,0,0.3600,1,
2306,keycard,605,keycard,keycard,exact,exact,0,0.3000,1,
2309,kilt,606,kilt,kilt,exact,exact,0,0.3300,1,
2310,kimono,607,kimono,kimono,exact,exact,0,0.3500,1,
2323,kitchen sink,608,kitchen_sink,kitchen sink,exact,exact,0,0.3600,1,
2324,kitchen table,609,kitchen_table,kitchen table,exact,exact,0,0.3300,1,
2328,kite,610,kite,kite,exact,exact,0,0.3800,1,
2330,knee pad,613,knee_pad,knee pad,exact,exact,0,0.3600,1,
2332,knife,614,knife,knife,exact,exact,0,0.3200,1,
2335,knitting needle,615,knitting_needle,knitting needle,exact,exact,0,0.3300,1,
2336,knob,616,knob,knob,exact,exact,0,0.3400,1,
2337,knocker,617,knocker_(on_a_door),knocker,exact,exact,0,0.3400,1,
2339,koala,618,koala,koala,exact,exact,0,0.3300,1,
2343,lab coat,619,lab_coat,lab coat,exact,exact,0,0.3500,1,
2349,ladder,620,ladder,ladder,exact,exact,0,0.3200,1,
2350,ladle,621,ladle,ladle,exact,exact,0,0.3500,1,
2357,lamb,623,lamb_(animal),lamb,exact,exact,0,0.3600,1,
2358,lamb chop,624,lamb-chop,lamb-chop,punct,exact,0,0.3800,1,
2361,spear,993,spear,spear,exact,exact,0,0.3500,1,
2370,lanyard,629,lanyard,lanyard,exact,exact,0,0.3500,1,
2371,lantern,628,lantern,lantern,exact,exact,0,0.3300,1,
2376,lasagne,631,lasagna,lasagne,exact,exact,1,0.3500,1,
2380,latch,632,latch,latch,exact,exact,0,0.3600,1,
2389,laundry basket,272,clothes_hamper,laundry basket,exact,exact,1,0.3200,1,
2405,leather,634,leather,leather,exact,exact,0,0.3500,1,
2415,legging,635,legging_(clothing),legging,exact,exact,0,0.3400,1,
2417,lego,636,Lego,Lego,exact,exact,0,0.3400,1,
2418,legume,637,legume,legume,exact,exact,0,0.3400,1,
2419,lemon,638,lemon,lemon,exact,exact,0,0.3500,1,
2421,lemonade,639,lemonade,lemonade,exact,exact,0,0.3400,1,
2428,tights,1088,tights_(clothing),tights,exact,exact,0,0.3500,1,
2432,mailbox,660,mailbox_(at_home),mailbox,exact,exact,0,0.3400,0,ambiguous_sense_dropped
2432,mailbox,832,postbox_(public),mailbox,exact,exact,1,0.3300,0,ambiguous_sense_dropped
2435,lettuce,640,lettuce,lettuce,exact,exact,0,0.3500,1,
2439,license plate,641,license_plate,license plate,exact,exact,0,0.3100,1,
2444,life belt,642,life_buoy,life belt,exact,exact,1,0.3300,1,
2445,life jacket,643,life_jacket,life jacket,exact,exact,0,0.3000,1,
2454,lightning rod,645,lightning_rod,lightning rod,exact,exact,0,0.2700,1,
2458,lime,646,lime,lime,exact,exact,0,0.3500,1,
2466,lion,648,lion,lion,exact,exact,0,0.3300,1,
2467,lip balm,649,lip_balm,lip balm,exact,exact,0,0.3400,1,
2477,lizard,651,lizard,lizard,exact,exact,0,0.3100,1,
2485,locker,181,locker,locker,exact,exact,0,0.3600,1,
2487,log,652,log,log,exact,exact,0,0.3500,1,
2499,loveseat,655,loveseat,loveseat,exact,exact,0,0.3600,1,
2500,luggage,35,suitcase,luggage,exact,exact,1,0.3600,1,
2515,machine gun,656,machine_gun,machine gun,exact,exact,0,0.2900,1,
2516,magazine,657,magazine,magazine,exact,exact,0,0.3400,1,
2519,magnet,658,magnet,magnet,exact,exact,0,0.3500,1,
2526,chain mail,230,chain_mail,chain mail,exact,exact,0,0.3400,1,
2527,mail slot,659,mail_slot,mail slot,exact,exact,0,0.3300,1,
2532,mallard,661,mallard,mallard,exact,exact,0,0.3400,1,
2534,mallet,662,mallet,mallet,exact,exact,0,0.3200,1,
2536,mammoth,663,mammoth,mammoth,exact,exact,0,0.2000,1,
2540,manatee,664,manatee,manatee,exact,exact,0,0.2500,1,
2542,mandarin orange,665,mandarin_orange,mandarin orange,exact,exact,0,0.3600,1,
2546,manger,666,manger,manger,exact,exact,0,0.3400,1,
2551,manhole,667,manhole,manhole,exact,exact,0,0.3400,1,
2562,map,668,map,map,exact,exact,0,0.3300,1,
2576,puppet,855,puppet,puppet,exact,exact,0,0.3300,1,
2585,martini,670,martini,martini,exact,exact,0,0.3600,1,
2588,mascot,671,mascot,mascot,exact,exact,0,0.3700,1,
2589,mashed potato,672,mashed_potato,mashed potato,exact,exact,0,0.3400,1,
2590,masher,673,masher,masher,exact,exact,0,0.2000,1,
2591,mask,674,mask,mask,exact,exact,0,0.3200,1,
2593,mast,675,mast,mast,exact,exact,0,0.3500,1,
2594,mat,676,mat_(gym_equipment),mat,exact,exact,0,0.3500,1,
2597,matchbox,677,matchbox,matchbox,exact,exact,0,0.3400,1,
2599,mattress,678,mattress,mattress,exact,exact,0,0.3500,1,
2603,measuring cup,679,measuring_cup,measuring cup,exact,exact,0,0.3200,1,
2604,measuring tape,1061,tape_measure,measuring tape,exact,exact,1,0.3400,1,
2606,meatball,681,meatball,meatball,exact,exact,0,0.3800,1,
2620,melon,683,melon,melon,exact,exact,0,0.3600,1,
2632,microphone,684,microphone,microphone,exact,exact,0,0.3400,1,
2633,microscope,685,microscope,microscope,exact,exact,0,0.3600,1,
2636,milestone,687,milestone,milestone,exact,exact,0,0.3200,1,
2638,milk,688,milk,milk,exact,exact,0,0.3600,1,
2639,milk can,689,milk_can,milk can,exact,exact,0,0.3100,1,
2641,milkshake,690,milkshake,milkshake,exact,exact,0,0.2500,1,
2651,minivan,691,minivan,minivan,exact,exact,0,0.3300,1,
2653,mint candy,692,mint_candy,mint candy,exact,exact,0,0.3400,1,
2654,mirror,693,mirror,mirror,exact,exact,0,0.3600,1,
2656,missile,845,projectile_(weapon),missile,exact,exact,1,0.3500,1,
2660,mixer,695,mixer_(kitchen_tool),mixer,exact,exact,0,0.3400,1,
2674,money,696,money,money,exact,exact,0,0.3400,1,
2677,monkey,698,monkey,monkey,exact,exact,0,0.3500,1,
2686,moose,422,elk,moose,exact,exact,1,0.3300,1,
2704,motor,699,motor,motor,exact,exact,0,0.3500,1,
2706,motorcycle,702,motorcycle,motorcycle,exact,exact,0,0.3500,1,
2711,mound,703,mound_(baseball),mound,exact,exact,0,0.3800,1,
2729,mouse,704,mouse_(computer_equipment),mouse,exact,exact,0,0.3700,1,
2730,mousepad,705,mousepad,mousepad,exact,exact,0,0.3700,1,
2733,mouthwash,484,gargle,mouthwash,exact,exact,1,0.3600,1,
2741,muffin,706,muffin,muffin,exact,exact,0,0.3500,1,
2742,mug,707,mug,mug,exact,exact,0,0.3300,1,
2751,mushroom,708,mushroom,mushroom,exact,exact,0,0.3200,1,
2754,music stool,709,music_stool,music stool,exact,exact,0,0.3100,1,
2764,nailfile,711,nailfile,nailfile,exact,exact,0,0.3500,1,
2766,napkin,712,napkin,napkin,exact,exact,0,0.3500,1,
2778,neckband,251,choker,neckband,exact,exact,1,0.3400,1,
2779,necklace,714,necklace,necklace,exact,exact,0,0.3000,1,
2783,needle,716,needle,needle,exact,exact,0,0.3500,1,
2789,nest,717,nest,nest,exact,exact,0,0.3700,1,
2796,newsstand,719,newsstand,newsstand,exact,exact,0,0.3600,1,
2805,noseband,722,noseband_(for_animals),noseband,exact,exact,0,0.2000,1,
2807,notebook,723,notebook,notebook,exact,exact,0,0.3500,1,
2808,notepad,724,notepad,notepad,exact,exact,0,0.3600,1,
2816,nut,725,nut,nut,exact,exact,0,0.3400,1,
2817,nutcracker,726,nutcracker,nutcracker,exact,exact,0,0.3500,1,
2820,oar,727,oar,oar,exact,exact,0,0.2000,1,
2830,octopus,728,octopus_(food),octopus,exact,exact,0,0.3300,0,ambiguous_sense_dropped
2830,octopus,729,octopus_(animal),octopus,exact,exact,0,0.3000,0,ambiguous_sense_dropped
2842,oil lamp,730,oil_lamp,oil lamp,exact,exact,0,0.3100,1,
2848,olive oil,731,olive_oil,olive oil,exact,exact,0,0.3300,1,
2850,omelet,732,omelet,omelet,exact,exact,0,0.3900,1,
2851,onion,733,onion,onion,exact,exact,0,0.3500,1,
2864,orange,734,orange_(fruit),orange,exact,exact,0,0.3600,1,
2865,orange juice,735,orange_juice,orange juice,exact,exact,0,0.3400,1,
2877,ostrich,736,ostrich,ostrich,exact,exact,0,0.3400,1,
2883,electric outlet,1154,wall_socket,electric outlet,exact,exact,1,0.3300,1,
2886,oven,738,oven,oven,exact,exact,0,0.3600,1,
2887,overall,739,overalls_(clothing),overalls,plural,exact,0,0.3300,1,
2890,owl,740,owl,owl,exact,exact,0,0.3500,1,
2892,teething ring,292,pacifier,teething ring,exact,exact,1,0.3600,1,
2897,padlock,745,padlock,padlock,exact,exact,0,0.3100,1,
2905,palette,749,palette,palette,exact,exact,0,0.3200,1,
2909,pan,750,pan_(for_cooking),pan,exact,exact,0,0.3700,0,ambiguous_sense_dropped
2909,pan,751,pan_(metal_container),pan,exact,exact,0,0.3600,0,ambiguous_sense_dropped
2910,pancake,752,pancake,pancake,exact,exact,0,0.3800,1,
2911,panda,492,giant_panda,panda,exact,exact,1,0.3500,1,
2917,pants,1121,trousers,pants,exact,exact,1,0.3300,1,
2918,pantyhose,753,pantyhose,pantyhose,exact,exact,0,0.3500,1,
2919,papaya,754,papaya,papaya,exact,exact,0,0.3300,1,
2920,paper,718,newspaper,paper,exact,exact,1,0.3400,1,
2921,paper bag,897,plastic_bag,paper bag,exact,exact,1,0.3200,1,
2924,paper plate,755,paper_plate,paper plate,exact,exact,0,0.3300,1,
2925,paper towel,756,paper_towel,paper towel,exact,exact,0,0.3100,1,
2926,paperback book,757,paperback_book,paperback book,exact,exact,0,0.2900,1,
2927,paperweight,758,paperweight,paperweight,exact,exact,0,0.3600,1,
2928,parachute,759,parachute,parachute,exact,exact,0,0.3400,1,
2931,parrot,766,parrot,parrot,exact,exact,0,0.3700,1,
2933,paraquet,760,parakeet,paraquet,exact,exact,1,0.3600,1,
2934,parasail,761,parasail_(sports),parasail,exact,exact,0,0.3700,1,
2936,parchment,763,parchment,parchment,exact,exact,0,0.3400,1,
2942,parking meter,765,parking_meter,parking meter,exact,exact,0,0.3600,1,
2955,passenger ship,768,passenger_ship,passenger ship,exact,exact,0,0.2500,1,
2958,passport,769,passport,passport,exact,exact,0,0.3300,1,
2961,pastry,770,pastry,pastry,exact,exact,0,0.3600,1,
2971,pea,772,pea_(food),pea,exact,exact,0,0.3400,1,
2973,peach,773,peach,peach,exact,exact,0,0.3600,1,
2977,peanut butter,774,peanut_butter,peanut butter,exact,exact,0,0.3400,1,
2978,pear,775,pear,pear,exact,exact,0,0.3500,1,
2986,peeler,776,peeler_(tool_for_fruit_and_vegetables),peeler,exact,exact,0,0.3400,1,
2987,pegboard,778,pegboard,pegboard,exact,exact,0,0.3500,1,
2988,pegleg,777,wooden_leg,pegleg,exact,exact,1,0.2000,1,
2989,pelican,779,pelican,pelican,exact,exact,0,0.3400,1,
2990,pen,780,pen,pen,exact,exact,0,0.3600,1,
2992,pencil,781,pencil,pencil,exact,exact,0,0.3400,1,
2993,pencil case,782,pencil_box,pencil case,exact,exact,1,0.3100,1,
2994,pencil sharpener,783,pencil_sharpener,pencil sharpener,exact,exact,0,0.3500,1,
2997,pendulum,784,pendulum,pendulum,exact,exact,0,0.3500,1,
2998,penguin,785,penguin,penguin,exact,exact,0,0.3300,1,
3000,pennant,786,pennant,pennant,exact,exact,0,0.3000,1,
3001,penny,787,penny_(coin),penny,exact,exact,0,0.3300,1,
3002,piggy bank,802,piggy_bank,piggy bank,exact,exact,0,0.3000,1,
3004,pepper,788,pepper,pepper,exact,exact,0,0.3500,1,
3005,pepper grinder,789,pepper_mill,pepper grinder,exact,exact,1,0.3200,1,
3012,perfume,790,perfume,perfume,exact,exact,0,0.3200,1,
3015,persimmon,791,persimmon,persimmon,exact,exact,0,0.3300,1,
3019,pet,793,pet,pet,exact,exact,0,0.3700,1,
3024,church bench,794,pew_(church_bench),church bench,exact,exact,1,0.3700,1,
3028,phone,1071,telephone,phone,exact,exact,1,0.3500,1,
3029,phonebook,795,phonebook,phonebook,exact,exact,0,0.3000,1,
3030,record player,878,record_player,record player,exact,exact,0,0.3500,1,
3038,piano,797,piano,piano,exact,exact,0,0.3200,1,
3041,pickle,798,pickle,pickle,exact,exact,0,0.3600,1,
3048,pie,800,pie,pie,exact,exact,0,0.3600,1,
3049,pigeon,801,pigeon,pigeon,exact,exact,0,0.3600,1,
3052,pillow,803,pillow,pillow,exact,exact,0,0.3500,1,
3055,pin,804,pin_(non_jewelry),pin,exact,exact,0,0.3600,1,
3060,pineapple,805,pineapple,pineapple,exact,exact,0,0.3300,1,
3061,table tennis table,1048,table-tennis_table,table-tennis table,punct,exact,0,0.3500,1,
3066,pipe,810,pipe,pipe,exact,exact,0,0.3500,1,
3067,pipe bowl,139,pipe_bowl,pipe bowl,exact,exact,0,0.2000,1,
3069,pirate flag,105,pirate_flag,pirate flag,exact,exact,0,0.3100,1,
3073,pocket bread,812,pita_(bread),pocket bread,exact,exact,1,0.3700,1,
3077,pitcher,813,pitcher_(vessel_for_liquid),pitcher,exact,exact,0,0.3300,1,
3079,pitchfork,814,pitchfork,pitchfork,exact,exact,0,0.3400,1,
3080,pizza,815,pizza,pizza,exact,exact,0,0.3800,1,
3086,place mat,816,place_mat,place mat,exact,exact,0,0.2000,1,
3087,plaid,1064,tartan,plaid,exact,exact,1,0.3400,1,
3103,platter,818,platter,platter,exact,exact,0,0.3500,1,
3121,playpen,819,playpen,playpen,exact,exact,0,0.3600,1,
3124,plier,820,pliers,pliers,plural,exact,0,0.3600,1,
3126,plow,821,plow_(farm_equipment),plow,exact,exact,0,0.3800,1,
3132,plume,822,plume,plume,exact,exact,0,0.3500,1,
3135,pocket watch,823,pocket_watch,pocket watch,exact,exact,0,0.2900,1,
3136,pocketknife,824,pocketknife,pocketknife,exact,exact,0,0.3500,1,
3144,poker chip,246,poker_chip,poker chip,exact,exact,0,0.3200,1,
3146,pole,826,pole,pole,exact,exact,0,0.3500,1,
3149,police car,336,police_cruiser,police car,exact,exact,1,0.3400,1,
3157,polo neck,1130,turtleneck_(clothing),polo-neck,punct,exact,1,0.3200,1,
3158,polo shirt,827,polo_shirt,polo shirt,exact,exact,0,0.3100,1,
3161,poncho,828,poncho,poncho,exact,exact,0,0.3500,1,
3166,pop,831,pop_(soda),pop,exact,exact,0,0.3500,1,
3186,postcard,833,postcard,postcard,exact,exact,0,0.3100,1,
3187,poster,834,poster,poster,exact,exact,0,0.3300,1,
3189,pot,835,pot,pot,exact,exact,0,0.3500,1,
3190,potato,837,potato,potato,exact,exact,0,0.3500,1,
3191,potato chip,245,crisp_(potato_chip),potato chip,exact,exact,1,0.3600,1,
3193,potholder,838,potholder,potholder,exact,exact,0,0.3300,1,
3195,pouch,840,pouch,pouch,exact,exact,0,0.3200,1,
3215,pretzel,843,pretzel,pretzel,exact,exact,0,0.3300,1,
3220,printer,844,printer,printer,exact,exact,0,0.3500,1,
3230,projector,846,projector,projector,exact,exact,0,0.3300,1,
3233,propeller,847,propeller,propeller,exact,exact,0,0.3600,1,
3242,pudding,849,pudding,pudding,exact,exact,0,0.3000,1,
3245,puffin,851,puffin,puffin,exact,exact,0,0.2900,1,
3251,pumpkin,853,pumpkin,pumpkin,exact,exact,0,0.3200,1,
3270,quesadilla,857,quesadilla,quesadilla,exact,exact,0,0.3400,1,
3272,quiche,858,quiche,quiche,exact,exact,0,0.3300,1,
3273,quilt,859,quilt,quilt,exact,exact,0,0.3400,1,
3276,rabbit,860,rabbit,rabbit,exact,exact,0,0.3400,1,
3281,race car,861,race_car,race car,exact,exact,0,0.2900,1,
3282,racket,862,racket,racket,exact,exact,0,0.3600,1,
3283,radar,863,radar,radar,exact,exact,0,0.3100,1,
3284,radiator,864,radiator,radiator,exact,exact,0,0.3300,1,
3285,radio,865,radio_receiver,radio,exact,exact,1,0.3400,1,
3286,raft,867,raft,raft,exact,exact,0,0.3600,1,
3287,rag doll,868,rag_doll,rag doll,exact,exact,0,0.3000,1,
3289,railcar,207,railcar_(part_of_a_train),railcar,exact,exact,0,0.3500,1,
3298,raincoat,869,raincoat,raincoat,exact,exact,0,0.3500,1,
3303,ram,870,ram_(animal),ram,exact,exact,0,0.3700,1,
3308,raspberry,871,raspberry,raspberry,exact,exact,0,0.3600,1,
3309,rat,872,rat,rat,exact,exact,0,0.3700,1,
3318,reamer,874,reamer_(juicer),reamer,exact,exact,0,0.3700,1,
3320,rear light,1055,taillight,rear light,exact,exact,1,0.3500,1,
3322,rearview mirror,875,rearview_mirror,rearview mirror,exact,exact,0,0.3200,1,
3323,receipt,876,receipt,receipt,exact,exact,0,0.3100,1,
3327,record,796,phonograph_record,record,exact,exact,1,0.3500,1,
3344,reel,119,bobbin,reel,exact,exact,1,0.3300,1,
3348,reflector,879,reflector,reflector,exact,exact,0,0.3200,1,
3349,register,220,cash_register,register,exact,exact,1,0.3500,1,
3382,rhinoceros,881,rhinoceros,rhinoceros,exact,exact,0,0.3500,1,
3384,rib,882,rib_(food),rib,exact,exact,0,0.3600,1,
3392,rifle,883,rifle,rifle,exact,exact,0,0.3400,1,
3394,ring,884,ring,ring,exact,exact,0,0.3300,1,
3401,river boat,885,river_boat,river boat,exact,exact,0,0.2600,1,
3409,robe,887,robe,robe,exact,exact,0,0.3400,1,
3423,rocking chair,888,rocking_chair,rocking chair,exact,exact,0,0.3500,1,
3425,rodent,889,rodent,rodent,exact,exact,0,0.3400,1,
3431,coaster,275,coaster,coaster,exact,exact,0,0.3200,1,
3432,roller skate,890,roller_skate,roller skate,exact,exact,0,0.3400,1,
3434,rolling pin,892,rolling_pin,rolling pin,exact,exact,0,0.3200,1,
3442,root beer,893,root_beer,root beer,exact,exact,0,0.3500,1,
3450,router,894,router_(computer_equipment),router,exact,exact,0,0.3600,1,
3463,ruler,680,measuring_stick,ruler,exact,exact,1,0.3600,1,
3466,runner,896,runner_(carpet),runner,exact,exact,0,0.3400,1,
3473,saddle,898,saddle_(on_an_animal),saddle,exact,exact,0,0.3600,1,
3474,saddlebag,900,saddlebag,saddlebag,exact,exact,0,0.3500,1,
3479,sail,902,sail,sail,exact,exact,0,0.3500,1,
3485,salad,903,salad,salad,exact,exact,0,0.3600,1,
3486,salad bowl,904,salad_plate,salad bowl,exact,exact,1,0.3100,1,
3488,salami,905,salami,salami,exact,exact,0,0.3500,1,
3490,salmon,906,salmon_(fish),salmon,exact,exact,0,0.3600,0,ambiguous_sense_dropped
3490,salmon,907,salmon_(food),salmon,exact,exact,0,0.3700,0,ambiguous_sense_dropped
3492,salsa,908,salsa,salsa,exact,exact,0,0.3400,1,
3506,sandal,910,sandal_(type_of_shoe),sandal,exact,exact,0,0.3300,1,
3507,sandwich,911,sandwich,sandwich,exact,exact,0,0.3800,1,
3515,satchel,912,satchel,satchel,exact,exact,0,0.3300,1,
3519,saucer,914,saucer,saucer,exact,exact,0,0.3400,1,
3521,sausage,915,sausage,sausage,exact,exact,0,0.3600,1,
3524,sawbuck,916,sawhorse,sawbuck,exact,exact,1,0.2000,1,
3528,scale,918,scale_(measuring_instrument),scale,exact,exact,0,0.3300,1,
3532,strawman,919,scarecrow,strawman,exact,exact,1,0.3300,1,
3533,scarf,920,scarf,scarf,exact,exact,0,0.3200,1,
3538,school bus,921,school_bus,school bus,exact,exact,0,0.3800,1,
3546,scissors,922,scissors,scissors,exact,exact,0,0.3500,1,
3550,scooter,700,motor_scooter,scooter,exact,exact,1,0.3500,1,
3552,scoreboard,923,scoreboard,scoreboard,exact,exact,0,0.3300,1,
3557,scraper,924,scraper,scraper,exact,exact,0,0.2000,1,
3563,screwdriver,925,screwdriver,screwdriver,exact,exact,0,0.3300,1,
3566,scrubbing brush,926,scrubbing_brush,scrubbing brush,exact,exact,0,0.3300,1,
3568,sculpture,927,sculpture,sculpture,exact,exact,0,0.3400,1,
3576,seabird,928,seabird,seabird,exact,exact,0,0.3500,1,
3578,seahorse,929,seahorse,seahorse,exact,exact,0,0.2900,1,
3581,seashell,931,seashell,seashell,exact,exact,0,0.3100,1,
3603,sewing machine,932,sewing_machine,sewing machine,exact,exact,0,0.3500,1,
3606,shaker,933,shaker,shaker,exact,exact,0,0.3200,1,
3607,shampoo,934,shampoo,shampoo,exact,exact,0,0.3700,1,
3610,shark,935,shark,shark,exact,exact,0,0.3300,1,
3611,sharpener,936,sharpener,sharpener,exact,exact,0,0.3500,1,
3612,sharpie,937,Sharpie,Sharpie,exact,exact,0,0.3400,1,
3613,shaver,938,shaver_(electric),shaver,exact,exact,0,0.3400,1,
3614,shaving cream,939,shaving_cream,shaving cream,exact,exact,0,0.3500,1,
3615,shawl,940,shawl,shawl,exact,exact,0,0.3300,1,
3617,shears,941,shears,shears,exact,exact,0,0.2000,1,
3618,sheep,942,sheep,sheep,exact,exact,0,0.3700,1,
3627,sherbert,944,sherbert,sherbert,exact,exact,0,0.3400,1,
3634,shirt,946,shirt,shirt,exact,exact,0,0.3200,1,
3637,shoe,947,shoe,shoe,exact,exact,0,0.3400,1,
3647,shopping bag,948,shopping_bag,shopping bag,exact,exact,0,0.3300,1,
3649,shopping cart,949,shopping_cart,shopping cart,exact,exact,0,0.3400,1,
3656,shorts,950,short_pants,shorts,exact,exact,1,0.3400,1,
3657,shot glass,951,shot_glass,shot glass,exact,exact,0,0.3500,1,
3660,shoulder bag,952,shoulder_bag,shoulder bag,exact,exact,0,0.3300,1,
3661,shovel,953,shovel,shovel,exact,exact,0,0.3500,1,
3664,shower cap,955,shower_cap,shower cap,exact,exact,0,0.3300,1,
3665,shower curtain,956,shower_curtain,shower curtain,exact,exact,0,0.3400,1,
3667,shower head,954,shower_head,shower head,exact,exact,0,0.3500,1,
3668,shredder,957,shredder_(for_paper),shredder,exact,exact,0,0.3500,1,
3670,shrimp,842,prawn,shrimp,exact,exact,1,0.3500,1,
3689,silo,959,silo,silo,exact,exact,0,0.3500,1,
3696,sink,960,sink,sink,exact,exact,0,0.3800,1,
3701,skateboard,961,skateboard,skateboard,exact,exact,0,0.3700,1,
3707,skewer,962,skewer,skewer,exact,exact,0,0.3700,1,
3708,ski,963,ski,ski,exact,exact,0,0.3700,1,
3709,ski boot,964,ski_boot,ski boot,exact,exact,0,0.3700,1,
3711,ski jacket,965,ski_parka,ski jacket,exact,exact,1,0.3700,1,
3713,ski pole,966,ski_pole,ski pole,exact,exact,0,0.3700,1,
3715,snowboard,975,snowboard,snowboard,exact,exact,0,0.3700,1,
3720,skullcap,968,skullcap,skullcap,exact,exact,0,0.2800,1,
3728,sleigh,969,sled,sleigh,exact,exact,1,0.3800,1,
3730,sleeping bag,970,sleeping_bag,sleeping bag,exact,exact,0,0.3400,1,
3731,sleepwear,720,nightshirt,sleepwear,exact,exact,1,0.3400,1,
3734,slide,255,slide,slide,exact,exact,0,0.3600,1,
3736,sling,971,sling_(bandage),sling,exact,exact,0,0.3600,1,
3749,snake,974,snake,snake,exact,exact,0,0.3600,1,
3761,snowman,976,snowman,snowman,exact,exact,0,0.3400,1,
3762,snowmobile,977,snowmobile,snowmobile,exact,exact,0,0.3500,1,
3766,soap,978,soap,soap,exact,exact,0,0.3400,1,
3771,sock,980,sock,sock,exact,exact,0,0.3300,1,
3774,softball,982,softball,softball,exact,exact,0,0.3500,1,
3776,solar battery,983,solar_array,solar battery,exact,exact,1,0.3200,1,
3780,sombrero,984,sombrero,sombrero,exact,exact,0,0.3500,1,
3783,soup,985,soup,soup,exact,exact,0,0.3900,1,
3784,soup bowl,986,soup_bowl,soup bowl,exact,exact,0,0.2000,1,
3785,soupspoon,987,soupspoon,soupspoon,exact,exact,0,0.3600,1,
3786,sour cream,988,sour_cream,sour cream,exact,exact,0,0.3300,1,
3788,soybean milk,989,soya_milk,soybean milk,exact,exact,1,0.3100,1,
3791,space shuttle,990,space_shuttle,space shuttle,exact,exact,0,0.3300,1,
3796,wrench,1195,wrench,wrench,exact,exact,0,0.3500,1,
3799,sparkler,991,sparkler_(fireworks),sparkler,exact,exact,0,0.3500,1,
3802,spatula,992,spatula,spatula,exact,exact,0,0.3500,1,
3803,speaker,654,speaker_(stero_equipment),speaker,exact,exact,0,0.3400,1,
3812,spice rack,995,spice_rack,spice rack,exact,exact,0,0.3400,1,
3813,spider,996,spider,spider,exact,exact,0,0.3300,1,
3820,sponge,998,sponge,sponge,exact,exact,0,0.3400,1,
3821,spoon,999,spoon,spoon,exact,exact,0,0.3500,1,
3828,sportswear,1000,sportswear,sportswear,exact,exact,0,0.3400,1,
3830,spray,25,atomizer,spray,exact,exact,1,0.3400,1,
3844,squid,1002,squid_(food),squid,exact,exact,0,0.3600,1,
3845,squirrel,1003,squirrel,squirrel,exact,exact,0,0.3400,1,
3846,water gun,1166,water_gun,water gun,exact,exact,0,0.3700,1,
3854,stagecoach,1004,stagecoach,stagecoach,exact,exact,0,0.3200,1,
3865,stapler,1005,stapler_(stapling_machine),stapler,exact,exact,0,0.3600,1,
3868,starfish,1006,starfish,starfish,exact,exact,0,0.3000,1,
3876,statue,1007,statue_(sculpture),statue,exact,exact,0,0.3400,1,
3877,steak,1008,steak_(food),steak,exact,exact,0,0.3900,1,
3878,steak knife,1009,steak_knife,steak knife,exact,exact,0,0.2900,1,
3885,steering wheel,1010,steering_wheel,steering wheel,exact,exact,0,0.3100,1,
3888,step stool,1012,step_stool,step stool,exact,exact,0,0.3200,1,
3889,stereo,1013,stereo_(sound_system),stereo,exact,exact,0,0.3600,1,
3891,stew,1014,stew,stew,exact,exact,0,0.3200,1,
3899,stirrer,1015,stirrer,stirrer,exact,exact,0,0.3200,1,
3900,stirrup,1016,stirrup,stirrup,exact,exact,0,0.3200,1,
3909,stool,1017,stool,stool,exact,exact,0,0.3300,1,
3913,stop sign,1018,stop_sign,stop sign,exact,exact,0,0.3600,1,
3915,traffic light,1111,traffic_light,traffic light,exact,exact,0,0.3500,1,
3918,tank,1058,tank_(storage_vessel),tank,exact,exact,0,0.3500,1,
3925,stove,1020,stove,stove,exact,exact,0,0.3700,1,
3926,poker,825,poker_(fire_stirring_tool),poker,exact,exact,0,0.3300,1,
3928,strainer,1021,strainer,strainer,exact,exact,0,0.3500,1,
3930,strap,1022,strap,strap,exact,exact,0,0.3400,1,
3931,straw,1023,straw_(for_drinking),straw,exact,exact,0,0.3500,1,
3933,strawberry,1024,strawberry,strawberry,exact,exact,0,0.3400,1,
3944,street sign,1025,street_sign,street sign,exact,exact,0,0.3300,1,
3951,string cheese,1027,string_cheese,string cheese,exact,exact,0,0.3000,1,
3967,stylus,1028,stylus,stylus,exact,exact,0,0.3600,1,
3974,subwoofer,1029,subwoofer,subwoofer,exact,exact,0,0.3400,1,
3978,sugar bowl,1030,sugar_bowl,sugar bowl,exact,exact,0,0.3200,1,
3981,suit,1032,suit_(clothing),suit,exact,exact,0,0.3400,1,
3991,sunflower,1033,sunflower,sunflower,exact,exact,0,0.3300,1,
3994,sunglasses,1034,sunglasses,sunglasses,exact,exact,0,0.3000,1,
3998,sunshade,762,parasol,sunshade,exact,exact,1,0.3600,1,
4009,surfboard,1036,surfboard,surfboard,exact,exact,0,0.3600,1,
4014,sushi,1037,sushi,sushi,exact,exact,0,0.3600,1,
4016,suspenders,144,suspenders,suspenders,exact,exact,0,0.3400,1,
4025,sweat pant,1039,sweat_pants,sweat pants,plural,exact,0,0.3300,1,
4026,sweatband,1040,sweatband,sweatband,exact,exact,0,0.3200,1,
4027,sweater,1041,sweater,sweater,exact,exact,0,0.3300,1,
4028,sweatshirt,1042,sweatshirt,sweatshirt,exact,exact,0,0.3200,1,
4030,sweet potato,1043,sweet_potato,sweet potato,exact,exact,0,0.3400,1,
4042,sword,1045,sword,sword,exact,exact,0,0.3000,1,
4047,syringe,1046,syringe,syringe,exact,exact,0,0.3100,1,
4051,t-shirt,594,jersey,T-shirt,exact,exact,1,0.3200,1,
4052,tabasco sauce,1047,Tabasco_sauce,Tabasco sauce,exact,exact,0,0.3400,1,
4056,tablecloth,1051,tablecloth,tablecloth,exact,exact,0,0.3300,1,
4059,tachometer,1052,tachometer,tachometer,exact,exact,0,0.3100,1,
4061,taco,1053,taco,taco,exact,exact,0,0.3100,1,
4069,tambourine,1056,tambourine,tambourine,exact,exact,0,0.3100,1,
4072,tape,1060,tape_(sticky_cloth_or_paper),tape,exact,exact,0,0.3500,1,
4073,tapestry,1062,tapestry,tapestry,exact,exact,0,0.3400,1,
4076,tarp,1063,tarp,tarp,exact,exact,0,0.3300,1,
4078,tassel,1065,tassel,tassel,exact,exact,0,0.3100,1,
4085,tea bag,1066,tea_bag,tea bag,exact,exact,0,0.3200,1,
4092,teacup,1067,teacup,teacup,exact,exact,0,0.3400,1,
4102,telegraph pole,1073,telephone_pole,telegraph pole,exact,exact,1,0.3400,1,
4103,zoom lens,1074,telephoto_lens,zoom lens,exact,exact,1,0.2000,1,
4106,television camera,1075,television_camera,television camera,exact,exact,0,0.2900,1,
4117,tennis racket,1078,tennis_racket,tennis racket,exact,exact,0,0.3600,1,
4119,tequila,1079,tequila,tequila,exact,exact,0,0.3100,1,
4137,thermometer,1080,thermometer,thermometer,exact,exact,0,0.3000,1,
4139,thermos bottle,1081,thermos_bottle,thermos bottle,exact,exact,0,0.3100,1,
4140,thermostat,1082,thermostat,thermostat,exact,exact,0,0.3100,1,
4142,thimble,1083,thimble,thimble,exact,exact,0,0.3400,1,
4153,tiara,1086,tiara,tiara,exact,exact,0,0.3300,1,
4158,tie,715,necktie,tie,exact,exact,1,0.3500,1,
4159,tiger,1087,tiger,tiger,exact,exact,0,0.3200,1,
4166,tinfoil,1090,tinfoil,tinfoil,exact,exact,0,0.3400,1,
4167,tinsel,1091,tinsel,tinsel,exact,exact,0,0.3700,1,
4171,toast,1093,toast_(food),toast,exact,exact,0,0.3600,1,
4172,toaster,1094,toaster,toaster,exact,exact,0,0.3500,1,
4174,tobacco pipe,809,tobacco_pipe,tobacco pipe,exact,exact,0,0.2900,1,
4177,tofu,72,bean_curd,tofu,exact,exact,1,0.3600,1,
4182,tomato,1098,tomato,tomato,exact,exact,0,0.3300,1,
4187,tongs,1099,tongs,tongs,exact,exact,0,0.3400,1,
4189,toolbox,1100,toolbox,toolbox,exact,exact,0,0.3400,1,
4190,toothbrush,1101,toothbrush,toothbrush,exact,exact,0,0.3600,1,
4191,toothpaste,1102,toothpaste,toothpaste,exact,exact,0,0.3300,1,
4192,toothpick,1103,toothpick,toothpick,exact,exact,0,0.3300,1,
4195,torch,456,flashlight,torch,exact,exact,1,0.3300,1,
4197,tortilla,1105,tortilla,tortilla,exact,exact,0,0.3700,1,
4199,tote bag,217,tote_bag,tote bag,exact,exact,0,0.3100,1,
4211,tow truck,1106,tow_truck,tow truck,exact,exact,0,0.3700,1,
4212,towel,1107,towel,towel,exact,exact,0,0.3400,1,
4213,towel bar,1108,towel_rack,towel bar,exact,exact,1,0.3600,1,
4218,toy,1109,toy,toy,exact,exact,0,0.3600,1,
4223,tractor,1110,tractor_(farm_equipment),tractor,exact,exact,0,0.3300,1,
4234,trailer truck,1113,trailer_truck,trailer truck,exact,exact,0,0.3600,1,
4235,train,1114,train_(railroad_vehicle),train,exact,exact,0,0.3600,1,
4246,trampoline,1115,trampoline,trampoline,exact,exact,0,0.3200,1,
4250,tray,1116,tray,tray,exact,exact,0,0.3600,1,
4261,triangle,1118,triangle_(musical_instrument),triangle,exact,exact,0,0.3100,1,
4266,tricycle,1119,tricycle,tricycle,exact,exact,0,0.3400,1,
4269,tripod,1120,tripod,tripod,exact,exact,0,0.3400,1,
4273,trophy cup,344,trophy_cup,trophy cup,exact,exact,0,0.3300,1,
4276,truck,1122,truck,truck,exact,exact,0,0.3500,1,
4286,turkey,1127,turkey_(food),turkey,exact,exact,0,0.3600,1,
4288,turnip,1128,turnip,turnip,exact,exact,0,0.3200,1,
4291,turtle,1129,turtle,turtle,exact,exact,0,0.3100,1,
4308,typewriter,1131,typewriter,typewriter,exact,exact,0,0.3200,1,
4311,umbrella,1132,umbrella,umbrella,exact,exact,0,0.3600,1,
4312,underclothes,1133,underwear,underclothes,exact,exact,1,0.3500,1,
4320,urinal,1135,urinal,urinal,exact,exact,0,0.3900,1,
4321,urn,1136,urn,urn,exact,exact,0,0.3800,1,
4333,vase,1138,vase,vase,exact,exact,0,0.3500,1,
4342,veil,545,veil,veil,exact,exact,0,0.3600,1,
4345,vending machine,1139,vending_machine,vending machine,exact,exact,0,0.2900,1,
4347,vent,1140,vent,vent,exact,exact,0,0.3300,1,
4350,vest,1141,vest,vest,exact,exact,0,0.3000,1,
4358,videotape,1142,videotape,videotape,exact,exact,0,0.3300,1,
4364,vinegar,1143,vinegar,vinegar,exact,exact,0,0.3300,1,
4368,violin,1144,violin,violin,exact,exact,0,0.3600,1,
4372,visor,94,visor,visor,exact,exact,0,0.3300,1,
4373,vodka,1145,vodka,vodka,exact,exact,0,0.3000,1,
4375,volleyball,1146,volleyball,volleyball,exact,exact,0,0.3300,1,
4380,vulture,1147,vulture,vulture,exact,exact,0,0.3100,1,
4381,waffle,1148,waffle,waffle,exact,exact,0,0.3700,1,
4382,waffle iron,1149,waffle_iron,waffle iron,exact,exact,0,0.3100,1,
4383,wagon,1150,wagon,wagon,exact,exact,0,0.3500,1,
4384,wagon wheel,1151,wagon_wheel,wagon wheel,exact,exact,0,0.3400,1,
4391,walking cane,197,walking_cane,walking cane,exact,exact,0,0.3300,1,
4392,wall clock,1153,wall_clock,wall clock,exact,exact,0,0.3400,1,
4395,walrus,1156,walrus,walrus,exact,exact,0,0.3400,1,
4406,washing machine,1159,automatic_washer,washing machine,exact,exact,1,0.3500,1,
4410,watch,1160,watch,watch,exact,exact,0,0.3100,1,
4414,water cooler,1162,water_cooler,water cooler,exact,exact,0,0.3200,1,
4417,water heater,1164,water_heater,water heater,exact,exact,0,0.3300,1,
4421,water pipe,566,hookah,water pipe,exact,exact,1,0.3400,1,
4423,water ski,1168,water_ski,water ski,exact,exact,0,0.3900,1,
4426,water tower,1169,water_tower,water tower,exact,exact,0,0.2900,1,
4431,watering can,1170,watering_can,watering can,exact,exact,0,0.3400,1,
4433,watermelon,1171,watermelon,watermelon,exact,exact,0,0.3500,1,
4441,vane,1172,weathervane,vane,exact,exact,1,0.3500,1,
4443,webcam,1173,webcam,webcam,exact,exact,0,0.3700,1,
4445,wedding ring,1175,wedding_ring,wedding ring,exact,exact,0,0.3000,1,
4447,wedding cake,1174,wedding_cake,wedding cake,exact,exact,0,0.4000,1,
4465,wet suit,1176,wet_suit,wet suit,exact,exact,0,0.3500,1,
4472,wheel,1177,wheel,wheel,exact,exact,0,0.3500,1,
4473,wheelchair,1178,wheelchair,wheelchair,exact,exact,0,0.3300,1,
4475,whipped cream,1179,whipped_cream,whipped cream,exact,exact,0,0.3600,1,
4479,whistle,1180,whistle,whistle,exact,exact,0,0.3500,1,
4487,wig,1181,wig,wig,exact,exact,0,0.3300,1,
4497,wind chime,1182,wind_chime,wind chime,exact,exact,0,0.3300,1,
4500,windmill,1183,windmill,windmill,exact,exact,0,0.3400,1,
4502,window box,1184,window_box_(for_plants),window box,exact,exact,0,0.3000,1,
4508,wiper,1185,windshield_wiper,wiper,exact,exact,1,0.3400,1,
4511,wine bottle,1187,wine_bottle,wine bottle,exact,exact,0,0.3100,1,
4512,wine cooler,1188,wine_bucket,wine cooler,exact,exact,1,0.3300,1,
4530,wok,1191,wok,wok,exact,exact,0,0.3700,1,
4531,wolf,1192,wolf,wolf,exact,exact,0,0.3100,1,
4538,wooden spoon,1193,wooden_spoon,wooden spoon,exact,exact,0,0.3200,1,
4559,wristband,1196,wristband,wristband,exact,exact,0,0.2900,1,
4565,yacht,1198,yacht,yacht,exact,exact,0,0.3400,1,
4571,yoghurt,1199,yogurt,yoghurt,exact,exact,1,0.3600,1,
4572,yoke,1200,yoke_(animal_equipment),yoke,exact,exact,0,0.2000,1,
4573,yolk,416,egg_yolk,yolk,exact,exact,1,0.3500,1,
4577,zebra,1201,zebra,zebra,exact,exact,0,0.3600,1,
